date,fi_bonds,equity,high_yield,rates_credit_idx,fx_hedge_residual,futures_overlay,asset_pnl,liability_pnl,surplus_pnl
2017-09-15,-971969549.8755233,1081033308.343588,17307953.2639618,-4754710.563870565,-62221376.998500034,-395118227.2108301,-335722603.0411741,-1646168366.6746655,1310445763.6334913
2017-09-22,-972745917.5885125,1002851768.1387286,16556317.458326701,-1651747.9702710086,-64406875.58025004,-352213678.6726015,-371610134.2145798,-1647784388.622221,1276174254.4076412
2017-09-29,-1009300211.9528482,1061208461.8162193,16786769.15237078,-3175001.0350579387,-65522874.85950003,-366364368.6220413,-366367225.50085735,-1675719021.4997635,1309351795.9989061
2017-10-06,-932697334.0780041,1197021953.9659266,16735112.80936705,-6117653.891256699,-58664157.944250025,-405119131.0441483,-188841210.18236545,-1578140462.7029552,1389299252.5205898
2017-10-13,-970190592.777317,1286438531.0447407,16927848.41447922,-6834931.769675131,-67243352.12100002,-453967916.5854844,-194870413.79425672,-1642089455.132947,1447219041.3386903
2017-10-20,-1007392893.1996361,1283265478.3151495,16016189.570641285,-5095495.788559854,-69219603.86475003,-452142067.7655261,-234568392.73268127,-1671081324.0778217,1436512931.3451405
2017-10-27,-612584980.866498,1365429657.4254293,17105766.32724596,-2314032.772218693,-69800844.91350004,-467410228.5092489,230425336.6912096,-1250428848.3150911,1480854185.0063007
2017-11-03,-405371474.28886425,1499524264.087454,18946044.986751854,-683828.7024924188,-186.46499999703744,-533880080.95800394,578534738.6598451,-918351493.1324644,1496886231.7923095
2017-11-10,-291995508.4336664,1239733221.0585296,17461010.358779628,-4595386.038728965,-67522330.03350003,-465234326.66073537,427846680.2506784,-447154769.63632965,875001449.8870081
2017-11-17,-231245960.4299106,1176111367.134093,17862452.933957905,-4865415.808399175,-72869796.78600003,-455067605.3848663,429925041.6588748,-382474343.5720711,812399385.2309458
2017-11-24,-375982790.6414152,1153738746.848629,17567384.683316916,-5189683.774873348,-74009027.95350003,-452691708.70040405,263432920.46175337,-888714342.6587162,1152147263.1204696
2017-12-01,-257266467.7643162,1270716072.7931633,17285063.51593837,-4824593.541274665,-210.36599998219842,-485089587.6976388,540820276.939872,-690795807.9247427,1231616084.8646147
2017-12-08,-1013336069.8419839,1035093100.5738834,14925173.520216197,-2922474.7619845774,-60756624.90600001,-409450492.0119072,-436447387.4277761,-1684301739.2883587,1247854351.8605826
2017-12-15,-45958092.41997745,1141321139.047097,14230522.716329575,-3982592.0637318706,-77821988.42850006,-433591301.2754027,594197687.5758145,-72795803.77086163,666993491.3466761
2017-12-22,-180698498.8314747,1187619809.0379493,13892017.72978386,-7206192.3835912375,-79100736.68475002,-445108148.82187366,489398250.04604363,-304635646.0414629,794033896.0875065
2017-12-29,-190526669.4843072,1237534336.7830002,13747499.827362455,-7929111.087959407,-79286737.87050003,-462608353.0338862,510930965.1337099,-320156257.0816555,831087222.2153654
2018-01-05,-104202855.56145455,1304871827.359898,13690292.313140938,-6862205.7799330065,-41231550.000000015,-481773316.134822,684492192.1968294,-138010918.66607475,822503110.8629042
2018-01-12,-192972013.35980955,1357208482.7813716,13411328.932950001,-6210110.780851808,-120811229.12850007,-510719538.3144222,539906920.1307378,-288677910.4784641,828584830.6092019
2018-01-19,-124562894.67823032,1411093164.7235904,13492087.841957852,-4581576.324052371,-84290121.92100005,-547922544.8895209,663228114.7527447,-170643038.8739071,833871153.6266518
2018-01-26,-100551320.84155688,1415828248.6512246,13139994.87902803,-5933466.792539769,-85471215.17850006,-568230942.8354363,668781297.8822198,-130404953.73529434,799186251.6175141
2018-02-02,-216391780.73339725,1180046456.241604,11579666.385545563,-4394625.368956588,-34828500.000000015,-466277672.23665166,469733544.28814423,-336395306.7304449,806128851.0185891
2018-02-09,28640483.77319833,820141904.1279844,8698636.275418244,-728355.706469465,-44640000.00000001,-299351962.57253313,512760705.8975985,47600511.83568764,465160194.06191087
2018-02-16,-240953961.29709956,971854502.7504158,9192378.545080643,-2374656.474564138,-88182147.04350005,-377480533.6237393,272055582.8565933,-374582077.8463888,646637660.7029822
2018-02-23,-283242410.75328374,1009285859.3788757,8007720.216217041,-75244.12518269074,-89656193.32350005,-374974467.62277293,269345263.7703533,-447690511.8697777,717035775.640131
2018-03-02,-55015414.31582036,891839336.8387359,7387964.394457594,-221453.2623019854,-29290350.00000001,-299612759.4673818,515087324.18768936,-96769844.24145126,611857168.4291406
2018-03-09,118153431.0374411,1129000516.405739,10052449.262790736,-1680262.9637434296,-46662750.00000001,-378091750.2762903,830771633.465937,157357073.40630913,673414560.0596279
2018-03-16,-113231721.75368012,1029417953.341175,9407755.759890422,727513.9320648392,-38678700.000000015,-334516499.55986977,553126301.7195804,-151376102.08099174,704502403.8005722
2018-03-23,-111646514.29633367,792629597.5833585,8830773.499647316,-770063.6952942822,-38615925.00000002,-237674516.87877056,412753351.21260726,-149370867.08669567,562124218.2993029
2018-03-30,-121703784.00652565,809855485.898298,7706874.685300987,771101.2391161236,-38548500.00000002,-264469787.2891386,393611390.52705085,-171077617.91023636,564689008.4372872
2018-04-06,38250565.694179,757434733.6579367,7705772.733348766,-358682.53444676776,-40176000.00000001,-258383275.71445683,504473113.83656085,65128828.671627045,439344285.1649338
2018-04-13,-204552285.62378016,953601546.2675217,8946164.587182783,276405.4501195019,-42363825.000000015,-322226952.21254325,393681053.4685006,-312743198.68614197,706424252.1546426
2018-04-20,-207813914.52311185,946269335.9816654,8140152.287334662,664777.1350175892,-45128250.00000001,-321739791.32058585,380392309.56032,-310692462.59589386,691084772.1562139
2018-04-27,-131946842.01561883,815973076.0126407,6393739.843109306,594917.5497120863,-43217100.00000002,-266664714.52605706,381133076.86378616,-184429576.45519543,565562653.3189816
2018-05-04,-55907062.637911,808126186.6048378,5997836.772936272,-1464911.6708717395,-36921000.00000001,-233655990.51008093,486175058.55891037,-55154396.35867977,541329454.9175901
2018-05-11,-122720934.97383067,939582037.08345,5800896.795134325,-1549429.3919763728,-46088475.000000015,-290378083.1180634,484646011.3947138,-169112493.34115028,653758504.7358642
2018-05-18,-149681492.47634196,949262034.0864776,5570363.693979678,622601.7703164984,-46200075.00000001,-274370504.0717351,485202928.0026967,-213271995.56237411,698474923.5650709
2018-05-25,-92241896.00369278,843337463.3753124,4501893.620871225,1259800.966963561,-41859300.00000002,-238863409.35357523,476134552.6058792,-117707115.69916725,593841668.3050464
2018-06-01,-50719256.535085484,814464270.6723413,3943503.3027964327,2324596.4649819797,-99332877.73350005,-206775492.06546184,463904744.10607255,-88684998.81763744,552589742.92371
2018-06-08,-56798781.43006932,901041755.7187887,4335999.689504039,857493.6445070044,-50824500.00000002,-257118562.08946347,541493405.533267,-58016102.71366501,599509508.246932
2018-06-15,-108027457.35036804,914612161.1925632,5018043.831260347,1472868.4710028335,-45256125.00000001,-252226971.15284657,515592519.9916117,-145202516.04380417,660795036.0354159
2018-06-22,-113509952.42754646,815021078.223952,5031078.003995633,2309340.4470857494,-45307275.00000002,-226867253.32723668,436677015.9202503,-194633349.1705246,631310365.0907749
2018-06-29,54721121.6814267,752462218.0659548,3435874.27137971,3622026.5064168107,-43435650.000000015,-207469617.98761377,563335972.5375642,92940513.77078629,470395458.7667779
2018-07-06,45140036.45533886,794573474.5085533,4632054.824504947,2367562.9936096724,-40269000.000000015,-241110611.65180406,565333517.1302027,76183622.31767368,489149894.81252897
2018-07-13,124136934.69873148,777492043.2724669,4646176.511034825,3425648.354117212,-46128000.000000015,-220214775.5738984,643358027.2624519,169248972.0266018,474109055.2358501
2018-07-20,80431077.77680664,729044544.4665078,3855901.636606948,5500149.77687648,-47990325.00000003,-211826809.68158704,559014538.9752107,93941345.35969543,465073193.61551523
2018-07-27,88490191.84941342,699857574.5930095,4022921.842579452,7358072.548680261,-49871250.00000003,-229716066.76460886,520141444.0690738,148977113.880414,371164330.1886598
2018-08-03,-141496151.37230462,678709986.715755,4004702.0940590235,6562057.122767923,-38922825.00000001,-219296970.68254998,289560798.87772727,-205411343.58115196,494972142.45887923
2018-08-10,-128769720.6345561,750733878.1877793,5455262.635879399,9005359.829229813,-49057500.000000015,-239895651.0969025,347471628.92143,-183358520.98368263,530830149.9051126
2018-08-17,27534320.809739433,773127877.875372,5200722.640002697,11836278.475838043,-50313000.00000002,-247465564.31017223,519920635.4907801,45534287.72725773,474386347.7635224
2018-08-24,6288627.443992861,792248836.924352,5373309.718588837,9542477.640831852,-51289500.000000015,-256723886.12334123,505439865.60442436,8677717.494515419,496762148.10990894
2018-08-31,-126492643.5288846,739098276.3089046,4742505.383791466,13143376.611885944,-112301732.84850004,-245363441.66976175,272826340.25743556,-211516168.64884377,484342508.9062793
2018-09-07,28451358.688760564,654923674.0728624,4160496.420865464,14397493.229165131,-45837375.00000002,-202636776.4135755,453458870.99807787,48386969.057946205,405071901.94013166
2018-09-14,-21366247.193233125,618977719.3551307,4179487.5697724214,13378249.417212157,-54358500.00000002,-206971303.8053644,353839405.34351766,6181411.348340988,347657993.9951767
2018-09-21,-36769384.92421143,680819837.7077069,4266490.345186867,11270556.404033486,-52824000.00000002,-236886462.31287017,369877037.2198458,-19921045.026478767,389798082.24632454
2018-09-28,18404254.27599551,606007558.0350308,3793772.523182819,10566464.97177448,-52219500.00000002,-210920996.72590044,375631553.08008325,30374470.74094677,345257082.3391365
2018-10-05,-85887311.52643241,429911319.2696054,3430822.902868098,8290654.6962344535,-43082250.000000015,-156910060.47606218,155753174.86621338,-107300350.71578598,263053525.58199936
2018-10-12,95614486.77116899,198420238.41402152,2130090.9465915705,9120390.419113373,-50545500.00000002,-40181754.5278389,214557952.0230565,160737557.55754185,53820394.46551466
2018-10-19,6288742.083035753,147510082.57416078,1132032.0608516983,7286192.46535607,-52196250.000000015,-30236099.78482675,79784699.39857756,7158021.891745567,72626677.50683199
2018-10-26,10917376.137869436,-39612007.40887302,-499105.1610863147,6824763.869711264,-49894500.00000002,59585667.94455853,-12677804.617820129,55168472.00414562,-67846276.62196575
2018-11-02,-248401280.25241047,86208089.00940992,-67733.19602195616,6031965.705944861,-82051158.77850004,9861303.270152166,-228418814.2414255,-380465590.6359539,152046776.3945284
2018-11-09,32933918.780670892,153535554.39304355,1589910.3084995875,8158095.024611691,-48081000.00000003,-25826736.91949402,122309741.58733164,56130662.28776169,66179079.29956995
2018-11-16,-23963431.009938397,77216246.05048999,-1096700.6349884565,8653931.111381661,-47476500.000000015,1606350.6428354525,14939896.159780234,-3360052.042155266,18299948.2019355
2018-11-23,-5645973.221565139,-159142111.89622337,-2568211.7663763007,7673424.163278309,-46662750.00000001,94309894.44244836,-112035728.2784381,-11990772.436662674,-100044955.84177543
2018-11-30,-141928297.35628462,-3081731.6888624714,-2876566.8782105125,7521294.487486231,-120539208.59250006,31131697.08655378,-229772812.94181764,-241822893.03788948,12050080.09607184
2018-12-07,111265194.09431681,-199387712.6252485,-3665930.7517026532,3278949.1289062463,-46011750.00000001,120043791.53685021,-14477458.616877884,146207832.11485004,-160685290.73172793
2018-12-14,-36473777.784018606,-309225116.2738138,-3031739.5893806075,4582693.293313438,-41501250.00000001,157693930.5887205,-227955259.76517904,-64870788.40781975,-163084471.3573593
2018-12-21,71637900.08593391,-640907229.0951887,-5787783.8920309935,6550671.839493782,-38462475.000000015,289878500.0881115,-317090415.9736805,124045195.8832798,-441135611.8569603
2018-12-28,80494284.3862816,-530097570.3794696,-5921382.151477661,7252579.550281927,-35665500.000000015,254389217.71375597,-229548370.8806277,137884951.04495716,-367433321.92558485
2019-01-04,575451878.7942725,-554748323.4697465,-6259704.158293828,9260405.703559412,-9220950.000000007,269204303.06964695,283687609.9394386,1234956763.9653864,-951269154.0259478
2019-01-11,1349822594.6670508,-497309026.31048393,-2877990.166324591,9405588.868069865,53023950.00000003,240113302.00291783,1152178419.06123,2298904790.918969,-1146726371.8577392
2019-01-18,145250179.6170941,-425402500.10926205,-1583519.7235613884,9152241.147099864,-32661600.0,215308507.7466694,-89936691.32196009,208168063.3030653,-298104754.6250254
2019-01-25,212931377.8880663,-502210208.52995116,-1755682.803681817,9040055.678448314,-31247999.999999993,252680608.11141166,-60561849.655706674,327586482.5174513,-388148332.17315793
2019-02-01,282622277.42378134,-287738778.08011943,627361.3393830769,7395578.50666751,-28086000.00000001,150389585.27128115,125210024.46099363,445141811.4517193,-319931786.99072564
2019-02-08,1358557539.4779353,-44898646.20944009,3158856.9073314853,5145388.597731441,29769300.000000015,34058705.933980495,1385791144.7075386,2316809586.5487833,-931018441.8412447
2019-02-15,381687472.01761436,-122813107.1377406,3187790.9751728736,6633244.586712202,-25979550.0,76727271.0263747,319443121.4681335,617015971.77777,-297572850.30963653
2019-02-22,573923023.1162645,-111054293.80285558,4388639.044109631,4024761.354015572,-23849850.00000001,57948255.64830017,505380535.35983425,1280856540.47227,-775476005.1124358
2019-03-01,134186343.68724424,4102766.1877557533,6152171.2052843375,4931172.841373504,-30090150.00000001,-7164663.323508335,112117640.59814948,233207883.8756628,-121090243.27751333
2019-03-08,1258313589.2073884,-260864852.55391562,4699318.955552544,6232470.431974644,27462900.000000015,105084398.7865935,1140927824.8275936,2185469079.580907,-1044541254.7533133
2019-03-15,515014713.45031464,-106252269.39155129,6522657.39645156,4326471.45090323,-19416075.0,27235069.46885127,427430567.3749694,1166138290.451767,-738707723.0767975
2019-03-22,699661021.3956538,105229999.821552,7654090.572239675,7099835.16189945,-16925999.99999999,-65796567.72482803,736922379.226517,1463053645.3615732,-726131266.1350563
2019-03-29,684927591.4523143,93798055.55005622,8120702.599427555,6683179.49257007,-14693999.999999998,-45513924.63857884,733321604.4557892,1434039774.313877,-700718169.8580879
2019-04-05,548966649.8182144,266904135.09448907,8759121.5595022,7348949.037652438,-7672500.000000006,-108760315.27976622,715546040.230092,1195298752.506812,-479752712.27672005
2019-04-12,1317455194.3831084,162321747.93236774,8255537.992462914,8470003.834198294,27441975.000000022,-77522522.95378634,1446421936.188351,2242610591.2374983,-796188655.0491474
2019-04-19,570116118.3789489,134330241.11488566,8957767.212267017,9578144.701616665,-12903750.0,-66401554.47817422,643676966.9295441,1240599964.3301134,-596922997.4005693
2019-04-26,576261042.0373296,185418151.08526868,9505685.54817522,8049243.252799248,-8314199.999999987,-85337181.8420348,685582740.0815378,1241525897.767849,-555943157.6863111
2019-05-03,209690589.59155086,179550791.74054563,9954782.659245532,8111918.415466498,-20413500.00000001,-97231315.5678077,289663266.8390008,325945175.8002119,-36281908.961211085
2019-05-10,1355909201.7144866,-59148850.268949986,8197904.539908975,8871848.55404855,52224150.00000003,6084541.923863007,1372138796.463357,2307947301.4368925,-935808504.9735355
2019-05-17,1269831579.6233563,-89933459.97336662,8257072.183926099,8512789.689074025,-1408949.9999999981,4652489.626556256,1199911521.149546,1601376294.0306635,-401464772.8811176
2019-05-24,1177191132.7662559,-136892286.25573888,8667039.956633843,8603786.624801071,-3422399.9999999795,17183532.310023896,1071330805.4019758,1456221089.7051373,-384890284.3031615
2019-05-31,1261909234.9302828,-258224081.68922395,7699885.972274359,6917311.796189172,3068999.999999997,68633930.56102186,1090005281.5705442,2193884121.5932913,-1103878840.022747
2019-06-07,1314668668.7131953,-158834653.8269358,8830624.408181649,6003674.000640293,18813900.000000026,11684302.113447443,1201166515.408529,2236624285.57265,-1035457770.1641209
2019-06-14,1344062451.245846,-135629931.93688577,8568518.842214514,4063691.7944283593,16342425.000000015,3448679.802264898,1240855834.747868,2289870097.1860247,-1049014262.4381566
2019-06-21,1298275363.1918068,21482216.504643124,11248387.644364977,179973.3235676759,20522775.00000002,-68796633.410563,1282912082.2538197,2258390902.666032,-975478820.4122121
2019-06-28,1244729555.0924797,98483813.36203888,12910887.117894627,-1583584.651656305,20190300.000000026,-98030440.81749842,1276700530.1032584,2165005350.38696,-888304820.2837017
2019-07-05,751838411.221396,87979992.7433191,13308504.37542668,-644260.4170142058,-5863650.000000003,-99921939.31136517,746697058.6117623,1551881175.5053701,-805184116.8936079
2019-07-12,1255318781.4203153,33731055.77201629,11940459.73314267,-2421226.9524553264,36228150.00000002,-84097723.226834,1250699496.7461848,2181983892.5927095,-931284395.8465247
2019-07-19,1276810608.068917,684209.5175427729,11654574.94198661,-3467144.883176119,23396475.000000026,-59608165.78392578,1249470556.8613446,2220169884.2858686,-970699327.4245241
2019-07-26,1319324163.8275614,41022225.13418703,12106003.832578212,-3679133.1878882325,23626650.00000003,-63577461.26125281,1328822448.3451855,2244928977.5693693,-916106529.2241838
2019-08-02,541663702.8592503,-110653779.17322269,10752362.888709879,-4190658.0345992064,-22243275.000000004,5762298.238369867,421090651.77850825,1224779110.3645182,-803688458.58601
2019-08-09,1450141285.9954267,-129521849.71590367,10001682.10644368,-7247435.448038132,45742050.00000002,4836810.228802347,1373952543.1667309,2480166649.0654097,-1106214105.8986788
2019-08-16,1240213855.2346323,-190791166.8110492,9860852.944285158,-9717754.809266614,40157400.00000002,31851962.71473305,1121575149.2733347,2154855776.7125254,-1033280627.4391906
2019-08-23,1257551208.1900225,-306759679.28505766,11275106.492555335,-8317530.079417164,39994650.00000002,71268175.11021926,1065011930.4283223,2184742441.437291,-1119730511.0089688
2019-08-30,1255464982.204192,-250518701.32144597,12220263.784906086,-7727924.488430951,40878150.00000002,39096299.70121894,1089413069.88044,2180166796.2010813,-1090753726.3206413
2019-09-06,608897514.2997272,-85087737.93421811,13022009.614695787,-8028222.423359632,-825374.9999999789,-44437687.12574911,483540501.43109614,1349190187.9469786,-865649686.5158825
2019-09-13,1358088384.2235074,-41239799.33980471,12759812.241945898,-8167006.207581919,38190450.00000002,-41635011.70041417,1317996829.2176526,2313206606.179055,-995209776.9614027
2019-09-20,1379646895.497462,-142752529.17260072,12635593.780616371,-8447768.62928775,41673300.00000004,2571806.491790618,1285327297.9679804,2352501522.5000696,-1067174224.5320892
2019-09-27,1369076840.814786,-188026473.65325776,11862713.228105836,-7380874.58670752,44519100.00000002,8919830.953154927,1238971136.7560813,2333741152.7764196,-1094770016.0203383
2019-10-04,587598206.1151053,-137296264.11783585,11043255.037837576,-5864294.897652448,-7811999.999999985,-2565747.273892427,445103154.8635621,1257515046.9347935,-812411892.0712314
2019-10-11,1207697598.1504333,120272391.7096769,12837472.141501363,-5207604.026856025,49899150.00000003,-129176036.13383281,1256322971.8409228,2092293583.432519,-835970611.5915961
2019-10-18,1381331249.0842204,158339787.08366734,14107902.89204605,-5225470.248060047,52642650.00000003,-148259743.7861863,1452936375.0256875,2356551667.4613886,-903615292.4357011
2019-10-25,1328332385.13584,395067517.53877914,15895224.672189876,-6390502.93921093,50782650.00000004,-279520054.08978367,1504167220.3178146,2262403487.8347616,-758236267.516947
2019-11-01,150411510.11243412,317452264.2284972,14859017.391447745,-5980158.989125679,-33645075.00000001,-243212549.712771,199885008.03048235,214834669.5979681,-14949661.56748575
2019-11-08,1355478706.2377384,307750794.8413816,14981776.561844915,-5991398.454000616,28555650.000000022,-229279842.57158923,1471495686.6153748,2308383480.236869,-836887793.621494
2019-11-15,1330750901.8304124,417585305.10750365,18187612.026701592,-5486992.73446507,51247650.000000045,-284183171.2406968,1528101304.9894557,2264989856.7208033,-736888551.7313476
2019-11-22,1265907452.4814947,579413607.7677671,18784242.45878125,-5248781.389489057,51387150.00000003,-347953764.1322662,1562289907.1862876,2198946629.0900507,-636656721.903763
2019-11-29,1254130871.250283,431182743.4142635,20069315.096966237,-6041539.117367562,50371125.000000045,-282688991.65262556,1467023523.9915197,2177490645.6111193,-710467121.6195996
2019-12-06,1261002051.0663161,675588512.9358865,21806513.37623132,-4539817.6580437925,16275000.000000013,-387558262.6040586,1582573997.1163316,2192365471.590472,-609791474.4741406
2019-12-13,1228924211.4291472,798801180.5552841,22770545.212519325,-6040785.02152321,49327200.00000003,-446585158.6831742,1647197193.4922533,2131593920.7074232,-484396727.2151699
2019-12-20,1195378044.4696448,1300128763.5463922,26631426.42935658,-6268969.759101564,46744125.00000002,-645389297.917675,1917224091.7686172,2068299586.4393625,-151075494.67074537
2019-12-27,1178990561.405082,1195810362.9107397,26751211.99967693,-7021249.545877227,44556300.00000003,-607456703.0147527,1831630483.754868,2038785453.6823568,-207154969.9274888
2020-01-03,724792200.1335002,1073701402.0289757,26147212.121178962,-9119968.897780893,38088150.000000045,-554339400.6869087,1299269594.6989653,959871084.4218054,339398510.2771599
2020-01-10,3060.0556150687785,955241204.5754504,22995889.863131188,-9935486.036744298,67787672.14650005,-494098621.9899135,541993718.614039,4408.212628364563,541989310.4014106
2020-01-17,1193952033.9653904,930967828.8129705,21841884.29257091,-10279841.951868134,46634850.00000004,-476781323.0972235,1706335432.0218403,2063185852.0319662,-356850420.0101259
2020-01-24,1096730176.0243921,863384806.7223893,21127490.816078275,-9524315.871827768,48085650.00000003,-452047096.200534,1567756711.4904976,1885068694.0473223,-317311982.5568247
2020-01-31,1119685079.8586855,658371097.4317,19344681.82269808,-8141078.54257915,52014900.00000003,-354550516.12426394,1486724164.4462404,1929164545.1389513,-442440380.6927109
2020-02-07,2082.934874113786,814275649.5336936,20074809.796826106,-8075766.960366899,80486830.00500005,-437363464.04161274,469400141.26841414,3412.9116926193237,469396728.3567215
2020-02-14,1029707183.4486531,775246189.179899,20148288.377925333,-8174655.862845937,48922650.00000003,-405968769.8092028,1459880885.3344288,1762400408.630724,-302519523.29629517
2020-02-21,818795744.4405932,638327356.3627813,19170816.17496194,-11195509.761928584,51057000.000000045,-348068731.2227779,1168086675.9936302,1084681679.2563457,83404996.73728442
2020-02-28,1124707277.5586371,10688545.55291713,11568451.339909995,-6924967.048808906,110813726.85000008,-49119183.34247634,1201733850.9101794,1938296712.7937422,-736562861.8835628
2020-03-06,3437.923032998859,149482669.2841668,10767816.962615117,-11889303.875407465,84839221.21650003,-110081808.96290909,123122032.54799844,5676.466444969177,123116356.08155347
2020-03-13,800021958.9464428,-501931780.93269384,-6536248.50782411,-6603481.201046038,111899856.64500004,247736605.99967742,644586910.9495564,1063507908.6931877,-418920997.74363136
2020-03-20,582078332.5625614,-1008746995.3824205,-25877964.42621607,-8160854.708860217,109186608.42900006,487347778.5574824,135826905.03154707,722909568.7897444,-587082663.7581973
2020-03-27,574970864.1247596,-703415275.3596824,-18710860.868097767,-16978037.31315116,107698624.89000006,306162524.7895865,249727840.26341474,713045269.4175854,-463317429.15417063
2020-04-03,731385935.4435455,-892888048.436904,-19696036.627342224,-16807867.310436256,109697878.39350006,399040398.167315,310732259.62967813,966027409.4330072,-655295149.8033291
2020-04-10,2956.113134576695,-460926605.5479986,-12197850.485060532,-21926402.73743964,68447972.68125005,199634619.03593108,-226965310.94018307,4482.372654914856,-226969793.312838
2020-04-17,746818908.8356936,-343372657.76735824,-8494086.804785782,-20198759.035414487,111139619.26350003,152083449.05478817,637976473.5464233,989013158.4941406,-351036684.9477173
2020-04-24,720400950.9322973,-415535401.7827923,-10922792.184687711,-21311446.972474985,107707922.84400007,196976290.5852362,577315523.4215785,950164543.1956654,-372849019.77408683
2020-05-01,1076833256.5494778,-398900628.4712525,-9809480.976939483,-19432244.339656223,114766631.07450008,182688713.68418035,946146247.5203102,1847404872.4052095,-901258624.8848994
2020-05-08,379.0716848564062,-110031604.72483404,-8377975.528492013,-20774605.314702593,69935979.67950004,69692708.52929111,444881.71244736016,457.4831085205078,444424.22933883965
2020-05-15,127967261.4964461,-184089496.4881898,-9578707.72108997,-23627994.997752104,104127432.09750007,117471686.88076031,132270181.26767462,1003023564.98316,-870753383.7154853
2020-05-22,127264951.29163352,40810999.53780604,-5361900.30998041,-22848811.855987545,103123028.88900006,25392953.800184682,268381221.3526563,995395754.8770943,-727014533.5244379
2020-05-29,6223.591999023108,284064662.3178157,-384122.0519280259,-22206945.11298555,96264277.12200005,-114232864.99694538,243511230.86995578,10343.187748908997,243500887.68220687
2020-06-05,5488.284798930527,395203143.4615476,4310097.017252648,-19144936.21917328,91256233.77150004,-151265703.75385627,320364322.56206965,9103.499897956848,320355219.0621717
2020-06-12,5605.183981027533,128411859.80384174,966861.5535892855,-20423069.207908012,87973315.70625007,-36168375.607124135,160766197.43263,8979.614831924438,160757217.81779808
2020-06-19,5093.56769814952,119982901.24510907,202713.2027591269,-18478397.04071118,84355622.42550008,-32533422.705403004,153534510.69495225,8438.614356994629,153526072.08059525
2020-06-26,4996.996947090131,9389749.48941851,-1475011.6108308956,-19051488.332217436,84443980.79550001,22341680.629835535,95653907.96865281,8222.077299118042,95645685.8913537
2020-07-03,577612371.9770702,126053109.76825507,-1699392.5604340164,-20628335.994010903,41766300.00000002,-21721822.476729047,701382230.7141514,713002651.3393192,-11620420.625167847
2020-07-10,4055.2087175352312,216196635.55013752,-851998.4180489678,-19456182.10279216,70447468.61250004,-48803470.951122895,217536507.89939106,6709.693605422974,217529798.20578563
2020-07-17,4430.784875016729,302569289.0926591,951099.1924448791,-19658705.394770432,84769477.21500005,-104079084.6665232,264556506.22368538,7276.297317504883,264549229.92636788
2020-07-24,3953.190807052063,238382859.5123473,2319185.419903066,-22991202.324580334,86443478.37750001,-78756245.17649092,225402028.9994862,6248.298597335815,225395780.70088887
2020-07-31,812473969.4311761,458240313.66178626,3996431.7132878844,-24841310.43773388,113418132.37650006,-165804026.99547365,1197483509.7495427,1072828893.6482277,124654616.10131502
2020-08-07,1781.8656519333013,681077919.2052317,5655071.922654519,-24369523.37168301,74465080.09800005,-237643185.62851903,499187144.09133613,2464.025339126587,499184680.065997
2020-08-14,-126.64813072869781,793554921.4774604,5897419.217766106,-22060016.021228325,70145220.51900005,-300739862.46146506,546797556.0834024,-35.72468662261963,546797591.808089
2020-08-21,961.0028159240376,910922335.7927397,4276028.662812759,-20783289.028949328,71144976.00600006,-326646710.874951,638914301.5604681,1203.2021560668945,638913098.358312
2020-08-28,-348.3341410640738,921984713.5367675,4571934.740655519,-23023643.59990016,71423975.44800006,-342377906.21551377,632578725.5758681,-485.84742546081543,632579211.4232936
2020-09-04,580700976.0175256,688934852.5700063,4361607.132577705,-21650065.933077592,107024368.98450008,-232966175.59318972,1126405563.1783423,717400475.3029423,409005087.87540007
2020-09-11,2646.098963853115,460722441.38925266,3298808.23411146,-21478314.147201248,78389663.61375006,-169261631.78152144,351673613.40735537,4417.243184089661,351669196.1641713
2020-09-18,1635.9513266814683,530850411.2981658,3338506.497076597,-20681317.341953576,75557820.75150007,-178385929.7854441,410681127.3706714,2597.6022186279297,410678529.76845276
2020-09-25,1258.7173913959848,500889731.66708666,1116487.6366900906,-17994245.501347534,73223523.44850007,-159966261.2500804,397270494.7182402,1725.1563205718994,397268769.5619196
2020-10-02,711231776.4249971,651242304.7097234,3790191.3689463083,-19529176.36607877,44016900.000000015,-222747026.2138914,1168004969.9236965,939436004.1185398,228568965.8051567
2020-10-09,1805.9923360794453,819054814.7982082,4856193.82959339,-20163616.276074708,67889972.10000004,-283293030.42678404,588346140.017279,2903.564076423645,588343236.4532026
2020-10-16,2975.1343496038166,791855851.7007152,4144729.1359883794,-18519736.494549416,68773467.45000003,-256540395.75817072,589716891.168333,4255.41762638092,589712635.7507067
2020-10-23,3246.347354864873,688597013.0172734,4299338.919396522,-17940990.55784383,68912966.05500005,-215011584.74862078,528859989.03256035,5166.22469997406,528854822.8078604
2020-10-30,1189680280.024387,314695952.79873323,2450395.0742464243,-16632173.63086961,115696618.38000005,-41729608.759939544,1564161463.8865576,2057311548.7675676,-493150084.88101006
2020-11-06,4970.009773666966,657990642.0174894,5635330.189561294,-20007472.334057204,87047964.05550003,-203984432.50485915,526687001.43340796,8265.579307556152,526678735.8541004
2020-11-13,3117.58767643551,783876131.3965281,7390226.805646391,-18186972.469576966,69098964.66000004,-248347205.18661252,593834262.7936616,5154.599862098694,593829108.1937995
2020-11-20,3169.22880053967,867357798.4157962,9179780.529564772,-17462943.88389871,69284970.68175004,-269185844.52194273,659176930.45007,5082.975273132324,659171847.4747969
2020-11-27,3167.6315695306403,973796759.3465258,9249458.192733873,-13239656.750626683,70168468.89150004,-310234004.8685561,729744192.4431465,4974.452381134033,729739217.9907653
2020-12-04,3440.7255347924443,1058826494.7535472,10048736.198416019,-15827802.15123694,90493589.08500007,-343809631.6392252,799734826.9720359,5745.385902404785,799729081.5861335
2020-12-11,3127.1723736637728,979172174.7318,8565695.017687274,-14772261.787887514,69996414.66000003,-299590038.4958606,743375111.2981129,5070.488861083984,743370040.8092518
2020-12-18,3967.493582096605,1037951697.7634441,8472915.920806145,-16402505.544416193,70819474.42500004,-309714579.95548725,791130970.1029289,5954.321271896362,791125015.781657
2020-12-25,4005.9104843909167,1031838103.6968132,8289342.611360649,-14596673.42048621,70396322.37900005,-286291597.95340204,809639503.2237701,6127.969429969788,809633375.2543402
2021-01-01,4529.319337471593,1069043850.1903458,8595361.169880714,-13645457.008706883,71144971.17000005,-318187819.4928746,816955435.3479824,6861.6312084198,816948573.716774
2021-01-08,-3403.0472418926647,1242851880.7790234,8940667.42542337,-10234525.921620067,-1.9994999957809592,-363425189.8957778,878129427.3403069,-4989.585399627686,878134416.9257065
2021-01-15,3400.7231967377365,1067136557.005371,8473655.258200454,-9969003.58293883,70317270.70500004,-284987435.3656152,850974444.7432144,4812.225241661072,850969632.5179727
2021-01-22,2608.357482932279,1339713723.9947107,9292730.507034844,-11653647.447622078,68633974.89000003,-346011580.9644666,1059977809.3371398,4400.5347146987915,1059973408.8024251
2021-01-29,1474.7300017816817,1255525641.9215698,9421493.21999836,-12016906.43341721,62472728.14500004,-313499344.6920043,1001905086.8911482,2531.53279876709,1001902555.3583494
2021-02-05,-2772.810770478827,1369411052.837793,9999331.638799801,-10881837.449659888,-1.0229999928752387,-352639567.52261245,1015886205.6705502,-4745.608345031738,1015890951.2788953
2021-02-12,260.4986691314123,1378885188.8944542,9419927.173429003,-10655519.895330925,65239385.28450005,-366554932.2190051,1076334309.7367165,242.76175498962402,1076334066.9749615
2021-02-19,-1196.7347139407307,1504195380.8853176,9439549.629590228,-5486630.869388027,62449475.331750035,-386399617.11336726,1184196961.1291883,-2096.5308780670166,1184199057.6600664
2021-02-26,-1914.6384297422844,2054110712.660384,14338270.871790564,-9895718.582508022,394.32000000645286,-629258051.8607075,1429293692.7705293,-3304.8687353134155,1429296997.6392646
2021-03-05,-2938.933390113997,1955831673.5733876,15916083.614678863,-3792320.7894592173,7.626000006452651,-619888893.5415865,1348063611.5496306,-4915.603511810303,1348068527.1531425
2021-03-12,-1644.4810898843537,3131992808.441866,33574481.42326191,-11028204.050841346,-38.432249993547366,-1131359346.102336,2023178056.7986107,-2775.0447092056274,2023180831.84332
2021-03-19,-2294.1060964681315,4170919140.2056174,58148400.34866377,-11224774.71165094,23.34300000645267,-1595430482.0284214,2622410013.0511127,-3531.2885875701904,2622413544.3397
2021-03-26,-1784.3447212335093,3368015644.6349587,48282289.899311006,-2517682.13032947,8.370000006452662,-1243281686.9804127,2170496789.448806,-2929.108332633972,2170499718.5571384
2021-04-02,-254.8358700834701,3738012455.079606,49233504.68636147,-2544393.8785837563,249.33300000645278,-1378594261.7876477,2406107298.5968657,219.71736335754395,2406107078.8795023
2021-04-09,-882.735941242754,2979647723.8264904,38891792.50285621,3126053.942906268,3.603750006452639,-1094201707.9453943,1927462983.1946676,-916.9588537216187,1927463900.1535213
2021-04-16,-3005.5398340523257,2901185903.829969,34218208.36408125,-1961822.7561074006,6.277500006452643,-1066875504.9541281,1866563785.2214808,-4958.477411270142,1866568743.698892
2021-04-23,-2999.5096313770914,2980891230.7978144,36932129.283003174,559737.1831003469,3.4410000064526405,-1109077553.895303,1909302547.2999837,-4928.615396499634,1909307475.9153802
2021-04-30,-3963.0450444977705,2892801732.498273,35734529.21361858,-2365445.138269611,-4.719749993547363,-1071499259.274037,1854667589.534791,-6132.521806716919,1854673722.0565977
2021-05-07,-2140.0002884461665,2698273903.832776,35902477.31699425,-4304465.508546474,-0.6044999935473611,-1023476519.1159556,1706393255.92048,-3518.510703086853,1706396774.431183
2021-05-14,-3738.588438924266,2740347641.723801,37244990.71561899,-2634848.3440227644,-1.4647499935473638,-1065273524.8280962,1709680519.2141125,-5383.9519329071045,1709685903.1660454
2021-05-21,-3920.839923390801,2442223001.7017717,32357330.9766637,-5335215.352457169,2.3715000064526386,-967145615.1358659,1502095583.721689,-6388.3116064071655,1502101972.0332954
2021-05-28,-3439.137371252741,2387022609.112545,28383695.47141687,-6523401.1005659755,7.068000006452641,-890303927.593721,1518575543.820304,-5728.144227981567,1518581271.964532
2021-06-04,-2796.8343438602565,2020565836.654839,22345224.681896545,-8381701.653653141,-3.5339999935473654,-741313592.9696996,1293212966.345039,-4645.32190990448,1293217611.6669488
2021-06-11,-4039.3013235068493,2410319809.358247,26111843.70404572,-5782340.997805925,-0.9067499935473692,-901325503.820815,1529319768.0355978,-6415.260274887085,1529326183.2958727
2021-06-18,-2708.2208427710966,2096087421.1224232,24315620.80565666,-283192.68118457706,-1.6739999935473628,-775929958.3063592,1344187181.0456934,-4507.985456466675,1344191689.0311499
2021-06-25,-3677.2195598956314,2497473278.7359366,26491360.361638587,327564.91878817626,-11.252999993547364,-925196667.8873904,1599091847.6564133,-6069.531921386719,1599097917.1883347
2021-07-02,1794.837002240542,2287036561.8595037,26232097.68488394,944372.942913627,66122968.61250004,-846787190.0826447,1533550605.854159,1849.9095439910889,1533548755.9446151
2021-07-09,-2528.6345446438427,2222659477.476391,25898991.93440618,112843.45567862112,4.6500000043503675,-807707558.8599728,1440961230.0219579,-4168.452713012695,1440965398.474671
2021-07-16,-2215.1794382131097,2074763487.4378114,24223843.09606623,561561.2756218296,-5.579999995649636,-732676815.2333117,1366869855.8167498,-3632.3993854522705,1366873488.2161353
2021-07-23,-1973.6433114498107,2239522641.661701,21579534.99392561,5760891.510642034,-6.2774999956496345,-783668909.6605833,1483192178.584874,-2977.911672592163,1483195156.4965465
2021-07-30,-1839.6162847091762,2215239946.4466376,21092357.448193423,8398573.270844102,-7.021499995649632,-762618764.5879806,1482110265.9399095,-2750.2028007507324,1482113016.1427102
2021-08-06,-3113.8607046944276,2018846043.6056504,20055986.457769252,13931981.544440195,0.8370000043503665,-724460413.3329368,1328370485.2512183,-4828.336252212524,1328375313.5874705
2021-08-13,-1091.774568407296,2036210932.402143,19849377.577842873,9489582.209440868,0.651000004350367,-714753795.8224955,1350795005.2433631,-1687.4695873260498,1350796692.7129505
2021-08-20,-1359.4816644382834,1858960024.7784724,19495201.665392317,8657725.82704012,-3.9059999956496334,-661421506.5360725,1225690082.3471682,-1909.1674480438232,1225691991.5146163
2021-08-27,-1129.9715608155377,1902243942.662723,19016212.659355335,7948188.9247959135,-1.4879999956496364,-633598577.0454977,1295608635.741816,-1895.0431575775146,1295610530.7849736
2021-09-03,-1514.6922783370674,2136121014.2989578,19306606.429619085,5061836.302670892,5.440500004350369,-732662527.0878482,1427825420.6916213,-2546.0438051223755,1427827966.7354264
2021-09-10,-1982.8590163142323,2210012967.868067,20107629.830433343,7867875.9557520645,10.113750004350374,-732236692.0874649,1505749808.8215208,-3322.0712852478027,1505753130.892806
2021-09-17,-3123.8146657920565,2086159101.3552787,20131024.866712205,9797125.598882586,1.348500004350366,-707709492.0164344,1408374637.3382733,-5107.346829414368,1408379744.6851027
2021-09-24,-3609.5941844654703,2302073825.5929437,23007342.004291475,4477123.161524339,-5.5195499956496406,-767717729.9782963,1561836945.666729,-5679.180815696716,1561842624.8475447
2021-10-01,-1338.3135717610276,1942159908.5218444,20485111.456982575,5935327.4306896385,65541717.12450004,-642973065.6405958,1391147660.5798492,-2269.7685232162476,1391149930.3483725
2021-10-08,-1164.6461454160483,1663604635.067187,17786308.818300463,6290088.229490897,-1.325249993416388,-560003431.7089903,1127676434.434593,-1848.5942754745483,1127678283.0288684
2021-10-15,-3834.8163156746396,1882067165.6216378,18015740.437236473,3851423.6936397776,-24.179999993416395,-630889621.0873159,1273040849.6688824,-5722.318852424622,1273046571.9877348
2021-10-22,-3704.444768507368,1986965844.7624648,17190828.37517021,2141584.254126773,-36.330449993416394,-681916775.6959382,1324377740.9206052,-5978.9616413116455,1324383719.8822465
2021-10-29,-2846.8733170138253,2439687942.1454797,19464130.23905485,958796.0184059378,-50.68499999341639,-884518934.289318,1575589036.555305,-4590.441593170166,1575593626.9968982
2021-11-05,-3561.390392790776,2079940600.655775,16578120.18480393,3211262.517824793,15.484500006583623,-709735835.3069764,1389990602.1455345,-5973.6979122161865,1389996575.8434467
2021-11-12,-2207.664839746425,1842059153.3097415,14607228.000580069,-2655932.0833069836,-48.359999993416395,-631568147.5829185,1222440045.6192565,-3783.510178565979,1222443829.129435
2021-11-19,-2245.581787000806,1719352564.3820524,12842714.406143453,-2819209.058879813,-65.5417499934164,-615634522.5628169,1113739236.042962,-3659.9848461151123,1113742896.0278082
2021-11-26,-2534.844102577576,1374109839.2514148,9262477.821372205,-4114263.1722104773,-57.055499993416404,-469053412.51994133,910202049.4810326,-4052.924153327942,910206102.4051859
2021-12-03,-432.96168840629645,1158498903.07514,8686082.741352435,-689603.6258783761,34.758750006583654,-389290287.38549715,777204696.6021783,-792.1604108810425,777205488.7625892
2021-12-10,-4588.2629273513,1352764833.3339245,9728505.874751953,-985864.0579801952,-7.128449993416379,-496836633.11580724,864666246.6435118,-7557.910457611084,864673804.5539694
2021-12-17,-2101.6636049727235,1072760590.2092654,9319876.602433596,403282.62116075715,-128.59574999341646,-408406780.93237895,674074738.2411256,-2972.9312238693237,674077711.1723495
2021-12-24,-3353.0857697416336,1132732234.5237803,9849244.992417237,-898211.7158627908,-145.77749999341648,-473601401.8884859,668078367.0485795,-5164.390495300293,668083531.4390748
2021-12-31,-3912.6988628178115,1139916949.132724,9484654.924154837,-1990189.446663944,-156.4957499934165,-463148131.6262933,684259213.7893089,-6026.889220237732,684265240.6785291
2022-01-07,-1352935393.5800834,795619925.096404,7890429.673122846,-3877339.4157804362,-137035139.02050006,-354383995.9902804,-1044721513.2371174,-2341427873.168231,1296706359.9311137
2022-01-14,-3662.8440560493364,866884346.8398635,7756506.088091851,-4447019.372457508,127816639.71000011,-388282421.23758215,609724389.1838598,-5421.517609596252,609729810.7014694
2022-01-21,-3625.886924304547,388639532.17441314,6202740.895718895,-3497836.565593162,127816613.08875008,-224886959.9297443,294270463.77662027,-6279.856137275696,294276743.63275754
2022-01-28,-3505.7660162442703,546479944.0509815,4490382.531578461,-1916778.808303693,127816544.8500001,-297202904.92130864,379663681.9369315,-6148.423064231873,379669830.3599957
2022-02-04,-3020.764191951033,407151361.5225773,932760.6719608812,-5697783.541557543,80744933.92800006,-238844399.57453713,244283852.24225166,-5310.952907562256,244289163.19515923
2022-02-11,-1600483414.5620325,275455761.10319346,-867346.2555161312,-7928917.560290216,-100739822.37450004,-179775085.58454403,-1614338825.233689,-2844732015.449703,1230393190.2160141
2022-02-18,-3967.5138544110596,202790618.57298234,-1437243.0483495616,-12071961.394290568,129929850.36825009,-145156014.49507782,174051282.48966005,-6899.776358604431,174058182.26601866
2022-02-25,-173604144.78654605,395808921.0534225,-883643.7913406396,-13250842.345881749,81184366.74000004,-213636313.62971342,75618343.23994064,-564546980.1554508,640165323.3953915
2022-03-04,-2348.5609450668794,315070559.638552,-1229250.2293335267,-16831061.40956706,81712134.06750005,-141579441.17043447,237140592.33577192,-4186.331617355347,237144778.66738927
2022-03-11,-1630625290.2160766,52641440.77561834,-3988386.5580972405,-18396351.101565886,-101109505.3027501,-26906430.22787784,-1728384522.6307492,-2918198651.7302957,1189814129.0995464
2022-03-18,-667437230.156423,385204855.65315163,-2225129.5068446193,-15572530.839369824,64500156.138,-176398535.12342098,-411928413.8349068,-632206413.9972982,220278000.16239142
2022-03-25,-833485711.4350381,496217227.54720694,-3621622.2040557144,-18594328.026604556,50247904.650000006,-191403835.35948634,-500640364.8279778,-1406165491.6596508,905525126.831673
2022-04-01,-2996.4588201859656,457881183.4310324,-3321746.1825204366,-17036973.325365704,128181726.55500005,-174149597.62693405,391551596.39239204,-5194.2962284088135,391556790.68862045
2022-04-08,-1103030111.6034746,230347420.03603232,-5605423.445790241,-18419782.33687626,-101174688.37500009,-80686917.9753293,-1078569503.7004383,-1883200174.3131876,804630670.6127493
2022-04-15,-1059009122.3394907,91249646.01559353,-6825032.357015977,-18950259.00313783,-86954977.40100008,-4921868.386745887,-1085411613.471797,-1805756310.1518269,720344696.6800299
2022-04-22,-1086599503.859752,-71760768.3876439,-7936972.49806248,-18889680.80709312,-99347153.88450007,49698755.307845786,-1234835324.1292055,-1855675420.645997,620840096.5167916
2022-04-29,-1127672197.5121922,-201697737.86859256,-10502019.584230825,-18425335.661176093,-105229367.07975009,112027521.81191945,-1351499135.8940225,-1926652721.4150982,575153585.5210757
2022-05-06,-1161737716.3928208,-318096214.27308464,-13821694.544315804,-15201950.238954378,-105066608.1285001,167670780.45653296,-1446253403.1211429,-1990479184.333396,544225781.2122531
2022-05-13,-1147087266.6258628,-322842051.0965495,-14285005.289420445,-9655800.286482738,-103555390.0740001,185729404.5184315,-1411696108.8538842,-1963096182.3814278,551400073.5275435
2022-05-20,-1107519242.7232907,-368099251.1667632,-15118299.555660516,-9202547.973686256,-106391816.37150007,224456955.69003224,-1381874202.1008682,-1891958213.6229916,510084011.52212334
2022-05-27,-1178595530.5844493,-211441929.14373353,-12367663.007477272,-8237918.259454009,-105129330.4905001,136418957.47323233,-1379353414.012382,-2017247708.5782156,637894294.5658336
2022-06-03,-1094.4767252629276,-300723839.31626314,-13233232.543931454,-9989867.800748441,14.368499953862454,167510742.78698465,-156437276.98218378,-1978.4035024642944,-156435298.57868132
2022-06-10,-1595635793.1731176,-521251285.3154465,-17537993.13712908,-14442827.839132275,-86648076.88950007,283221859.67928636,-1952294116.6750388,-2844288239.0299816,891994122.3549428
2022-06-17,-1444424267.4552555,-662252330.0232136,-22822696.254011475,-18617538.964235336,-95538882.8415001,364690828.9581916,-1878964886.5800245,-2525243329.9144883,646278443.3344638
2022-06-24,-1390367663.795652,-598968561.1323873,-23002862.209585223,-16518833.18662806,-139994792.73600012,308289751.2016765,-1860562961.8585763,-2416285101.23746,555722139.3788838
2022-07-01,-3483.0712517824936,-721231555.1846839,-26552864.204981714,-14102523.592848059,198.88049998388337,367067946.12109417,-394822281.0521713,-4897.707465171814,-394817383.3447061
2022-07-08,-1359372938.0340793,-689128641.6793475,-24788733.68250975,-10151247.741643894,-142143123.1935001,338620820.66869324,-1886963863.6623871,-2353785262.456341,466821398.79395366
2022-07-15,-1286592507.128073,-696646988.5006083,-24256105.239288725,-7829264.280721815,-148195025.30475006,346764925.644535,-1816754964.808907,-2217136043.6916103,400381078.8827033
2022-07-22,-1227868011.5191097,-656200298.6977525,-20113750.56900855,-9397093.287289886,-92883734.1900001,315582056.9070225,-1690880831.3561382,-2107385022.6482267,416504191.2920885
2022-07-29,-1122464723.8557978,-510917982.7488687,-17828245.08015937,-9627336.220713047,-141838492.44000012,241956178.21943507,-1560720602.126104,-1919044395.5689821,358323793.442878
2022-08-05,-941084191.6755993,-514282040.19673496,-16618188.72383548,-13480188.953404227,-86624841.6300001,256870428.59079602,-1315219022.588778,-1596947525.690239,281728503.10146093
2022-08-12,-1384070057.1741617,-384982119.1931732,-14913894.643281996,-13852780.51969162,-95366833.26000008,213880746.97931454,-1679304937.810994,-2420249328.028448,740944390.2174542
2022-08-19,-1282601169.370949,-392257555.73109466,-16789725.777272344,-12138625.089312952,-95834159.19000009,218282024.14270192,-1581339211.015927,-2214154939.279359,632815728.2634318
2022-08-26,-1378372344.9037952,-628621794.1590754,-19129798.644849285,-9863555.744189609,-91186486.05000007,322246758.592959,-1804927220.9089503,-2404116303.272189,599189082.3632388
2022-09-02,-3357.5320085543076,-817793726.610678,-22891719.192380384,-8452106.37982225,85792092.2415,406194077.73096687,-357154739.7424223,-5791.792223930359,-357148947.95019835
2022-09-09,-1461750546.8312051,-616379781.5052152,-21560135.576873146,-11965684.188050374,-81981810.81750007,323532464.0382844,-1870105494.8805594,-2561042802.0000196,690937307.1194601
2022-09-16,-1422745142.1159396,-780808344.7034268,-24397565.30257511,-11820367.764806218,-86124959.1900001,391671887.41272736,-1934224491.6640205,-2487342361.1184826,553117869.454462
2022-09-23,-1492699784.0194647,-968384959.3443028,-26974127.765036784,-10666280.695558257,-84895030.01895002,492848143.88776577,-2090772037.9555464,-2632486060.071833,541714022.1162868
2022-09-30,-1598852549.0036094,-975969842.7675408,-29198334.32250086,-11925116.176257582,-83990604.21450008,490141357.6019833,-2209795088.8824253,-2851344121.0674324,641549032.1850071
2022-10-07,-1352453336.8484147,-929979749.7531592,-26972441.2705293,-14071038.387472933,-130408830.17475009,473051574.70743185,-1980833821.7268944,-2343689212.313651,362855390.5867567
2022-10-14,-1691022858.1936064,-1069443798.6624832,-28966362.7384663,-10618423.590632543,-94813455.36000009,542056684.901286,-2352808213.6439023,-3054877335.1355968,702069121.4916945
2022-10-21,-1676434359.8589714,-961310389.0526633,-28559338.66808717,-9963233.97091165,-92888341.81455009,502704400.91902715,-2266451262.4461555,-3020644704.6604424,754193442.2142868
2022-10-28,-1588949319.5206938,-860808182.7242748,-24784963.559794173,-7772930.097209656,-100086529.7850001,444600643.20430565,-2137801282.4826665,-2828127833.4097247,690326550.9270582
2022-11-04,-996326877.1819311,-1025216024.9045022,-26419676.443105463,-9394457.367108846,-86861979.63300008,515921367.71175516,-1628297647.8178926,-1694455212.0743217,66157564.256429195
2022-11-11,-1571653463.2621558,-791054513.9985949,-23106288.934984468,-9573392.636567611,-90686553.39000006,392206140.5413446,-2093868071.6809583,-2787963668.561372,694095596.8804135
2022-11-18,-1519216799.632205,-818948401.825017,-22201911.736117177,-9384907.316619527,-98198617.23000006,400726730.6438106,-2067223907.0961483,-2677934216.997398,610710309.9012496
2022-11-25,-1455110982.424413,-675962043.0702249,-18183197.95045867,-12748147.214193098,-96547873.92600004,314533617.7114789,-1944018626.8738105,-2553447347.907265,609428721.0334547
2022-12-02,-1258.1232326207605,-540033835.930078,-17786705.09093716,-14243172.733230181,130250928.10200004,263359404.36230832,-178454639.41316962,-2228.4113931655884,-178452411.00177646
2022-12-09,-1429558113.2094882,-792785531.7126977,-19155460.74849908,-14278484.839887591,-81691169.62155005,379021786.1780424,-1958446973.95408,-2497529186.977275,539082213.0231948
2022-12-16,-1476545310.4694188,-810506069.9567627,-19857554.290798895,-13636903.7759057,-78915007.91925006,390987180.50800294,-2008473665.9041326,-2599256289.672936,590782623.7688034
2022-12-23,-1581386870.8208768,-914894106.2089552,-21137493.91517908,-12935910.376398183,-72818838.69150007,431519403.7762901,-2171653816.2366195,-2812773075.0009384,641119258.764319
2022-12-30,-1631763689.5871704,-955873441.6160808,-22315233.588673428,-13176088.494179625,-75415851.76425004,447683438.9011442,-2250860866.14921,-2921739949.5899196,670879083.4407096
2023-01-06,-475676643.4291104,-805119608.2481523,-18613477.62472433,-15252493.54121602,82037281.78350002,382023200.33736795,-850601740.7223353,-808079822.0520315,-42521918.67030382
2023-01-13,-1487769235.3626502,-664517595.0256764,-15887398.523824546,-15942023.683244955,-200770472.50500014,317044423.15449756,-2067842301.945899,-2613161318.3553815,545319016.4094825
2023-01-20,-1496160645.282294,-445788354.91213906,-14824369.748669554,-15668326.519413453,-200165950.06875014,227863541.70110023,-1944744104.8301659,-2632037805.792102,687293700.961936
2023-01-27,-1536864573.7856343,-299127875.0487213,-12238440.218694767,-17723896.665944003,-198752285.08500013,168190030.04361597,-1896517040.7603784,-2714480992.4520407,817963951.6916623
2023-02-03,-1695015563.1970515,-290060805.0772891,-8477119.818545878,-11839225.267918965,-152815275.0000001,180847046.83386388,-1977360941.5269415,-3058115964.021936,1080755022.4949944
2023-02-10,-460725610.1968467,-359379785.2446894,-8987228.378656644,-9979806.890483897,39648225.00000001,193184016.74135697,-606240188.9693197,-760045933.9652967,153805744.99597704
2023-02-17,-1587908556.6022322,-296461645.006708,-9814027.67970248,-6748114.085623749,-205948037.79000017,157036657.18144935,-1949843723.9828172,-2819689795.257929,869846071.2751117
2023-02-24,-1522272463.021389,-429032831.05744594,-9980540.128441386,-6141488.1030216925,-159304350.00000015,210914368.1632104,-1915817304.1470878,-2513895272.1097164,598077967.9626286
2023-03-03,-1677209155.0998116,-240133125.18445614,-9223725.609456398,-5230244.587873173,-153931275.00000012,110016502.56169511,-1975711022.9199023,-3016559819.2464824,1040848796.32658
2023-03-10,-432810440.4095508,-374991855.92534655,-7645642.074853344,-2131490.2872976596,39376200.00000004,147910072.0057741,-630293156.691274,-703589002.7174282,73295846.02615416
2023-03-17,-1115392571.915199,-609891080.5315665,-10110871.790399762,-8184796.240142496,-112962450.00000007,270750915.93342274,-1585790854.543885,-2077268070.8647385,491477216.3208535
2023-03-24,-1004477992.2404917,-614063686.7814369,-9220533.116679408,-5787937.493889267,-96585150.00000007,268959794.8253763,-1461175504.8071213,-1720454182.568369,259278677.76124763
2023-03-31,-1593365966.8609464,-490934166.87338376,-7869671.912328337,-7391864.216686534,-181294016.37150007,199847893.57129803,-2081007792.663547,-2830178287.7998543,749170495.1363072
2023-04-07,-832866023.9022465,-423215087.8410777,-6035427.472646255,-6726371.87367862,40603800.00000004,169366142.24202445,-1058872968.8476248,-1413341288.1831322,354468319.3355074
2023-04-14,-892806507.2610096,-305126726.679438,-4151560.5780022712,-4824365.241974,37018639.770000026,104071061.97650224,-1065819458.0139217,-1513512615.91613,447693157.9022083
2023-04-21,-906739547.841756,-176783129.95778918,-3194379.9164265622,-4688473.7828814,50661665.509500034,47381220.836442225,-993362645.1529112,-1538795151.8579674,545432506.7050562
2023-04-28,-797930398.7846503,-17202773.574379135,-236600.84945266135,-5182358.20579727,58264378.635000035,-33163663.15879644,-795451415.9380758,-1353024720.7176723,557573304.7795966
2023-05-05,-762766282.2982813,29658911.575429928,2728885.764497033,-6111197.412967582,60380116.96350003,-49776809.14919547,-725886374.5570173,-1286426797.3476477,560540422.7906303
2023-05-12,-681607171.1757935,128787198.27478851,3828294.683828056,-10376087.304064248,39397022.35125004,-91971732.44290802,-611942475.6128992,-1142384077.7366886,530441602.1237894
2023-05-19,-898273138.353244,280608088.6505609,4734830.208127089,-8466686.610597234,58746993.02100003,-161810829.43322718,-724460742.5173802,-1519492775.3628225,795032032.8454423
2023-05-26,-843963407.5445786,8160232.786325307,460118.58468975173,-7159710.984748405,48473734.21050002,-20795763.91837501,-814824796.8661869,-1434013104.961008,619188308.0948212
2023-06-02,-1555592288.830649,144779412.60145903,2512456.671329121,-5231175.991928636,-79091856.69600007,-78052650.89634486,-1570676103.1421344,-2749509946.4480853,1178833843.3059509
2023-06-09,-241241086.53146833,413094720.7017278,7307065.469512083,-2072810.746706637,20043825.00000002,-212387524.65277776,-15255810.759712815,-381334723.9118242,366078913.1521114
2023-06-16,-380783631.79882133,841210465.095008,14458873.480555132,-2831193.302055742,36981450.00000003,-440954311.94358456,68081651.53110158,-627902970.649066,695984622.1801676
2023-06-23,-397628290.627043,459021617.9380801,12902183.916976798,-2468883.946273728,85175961.10350005,-248361506.8639598,-91358918.47871959,-671664066.8530779,580305148.3743583
2023-06-30,-1598808962.2807984,694437687.364774,17488759.827101566,-5248193.282825336,-59871254.58300002,-365464559.8546848,-1317466522.809433,-2840901966.3514996,1523435443.5420666
2023-07-07,-607629852.2431059,513257640.24989325,14210838.904883081,-8348013.206323594,82806812.84100004,-283186870.587876,-288889444.0415291,-1032579165.8462877,743689721.8047585
2023-07-14,-655761090.5676302,754479478.9005998,16040765.433393594,-10509758.072031163,92020716.57975005,-402310171.9197723,-206040059.6456902,-1103954047.4786777,897913987.8329875
2023-07-21,-707163731.4452931,599031616.045845,11158365.715993477,-10558753.372287486,34340250.00000001,-327878543.243224,-401070796.29896605,-1200078081.366435,799007285.067469
2023-07-28,-867952615.4598279,454335672.9682511,8800353.510014601,-9862161.872357676,79228579.99500005,-260846499.19712305,-596296670.0560429,-1461691530.9776773,865394860.9216344
2023-08-04,-1045524847.8402445,300127888.4553761,6851934.9036679715,-8622341.417237788,9374398.605000036,-195963750.79031652,-933756718.0837548,-1789494254.3306284,855737536.2468736
2023-08-11,-587424198.0376298,96584591.88096404,5687711.84381638,-6361475.291647048,34503000.00000003,-112155540.11098896,-569165909.7154855,-961979393.4956179,392813483.7801324
2023-08-18,-760639765.8880637,56749706.926238686,6899423.398164621,-6457794.312642656,34070550.000000015,-90582234.16352537,-759960114.0398284,-1278318255.894373,518358141.8545445
2023-08-25,-586338359.6786143,231726152.45944014,9402266.790523566,-7336675.6511646025,23205825.000000004,-185536736.1631694,-514877527.24298453,-964695432.5050039,449817905.2620194
2023-09-01,-1532829137.2013643,556152493.6864387,14628757.86206826,-8523159.759496178,-159234178.75650012,-339277831.7294962,-1469083055.89835,-2709403486.5418983,1240320430.6435483
2023-09-08,-407885125.3869137,293083734.3190281,12688047.427550517,-6777895.290639615,19764825.00000003,-227959670.50579718,-317086084.43677187,-673983506.1751089,356897421.73833704
2023-09-15,-575627201.2456396,544035077.0815171,16473119.861767411,-8911289.626491128,24898425.000000037,-350636557.18116707,-349768426.1100132,-952332175.3297567,602563749.2197435
2023-09-22,-517843122.1912881,646625348.6943356,19135895.094297975,-9597760.567974305,23642925.000000022,-416282550.74841034,-254319264.71903917,-839738403.7270956,585419139.0080564
2023-09-29,-408630948.38536066,753665831.6610968,22056248.987609677,-4283966.687229175,24128850.000000007,-458897694.0701663,-71961678.49404961,-657186411.715601,585224733.2215514
2023-10-06,-502610990.9304937,644328935.4461056,17744416.751930356,-1200123.6769174866,88135697.31000002,-406694323.57758534,-160296388.6769606,-842591969.6833382,682295581.0063776
2023-10-13,-145013016.4413184,731734602.8899955,21189953.102287494,-7455769.552156174,35770125.00000003,-469843981.41914594,166381913.57966244,-205903444.7827263,372285358.36238873
2023-10-20,-292899463.9424341,370267191.1156873,18653392.510668702,-9383864.884806463,34413720.00000003,-307131196.1403819,-186080221.3412664,-467716989.421957,281636768.0806906
2023-10-27,-461888126.24637437,85509431.79795527,14676826.610223636,-12204425.991227927,39427350.00000002,-153525520.88214132,-488004464.71156466,-740076028.4798727,252071563.76830804
2023-11-03,-753494304.3311363,467868027.8985281,20038743.920417517,-8512722.000573331,12548013.00299998,-345455923.29352874,-607008164.8032928,-1284325185.6236544,677317020.8203616
2023-11-10,-381422663.3904222,177121413.67138025,15975091.63941451,-3298532.594218116,32050125.000000026,-194969484.83216715,-354544050.5060127,-625976979.0399866,271432928.53397393
2023-11-17,-359303710.0752306,373424570.57679415,16803308.325016543,-5612139.345552933,38827500.00000001,-282247169.8822827,-218107640.4012555,-584996369.1051493,366888728.7038938
2023-11-24,-485737368.84199625,359875892.88007766,15296485.345843527,-6714359.39610518,36858225.00000002,-265008673.39579028,-345429798.40797055,-794967540.2855282,449537741.87755764
2023-12-01,-1482162718.5111597,350223020.93578225,16482600.411305808,-7628171.916997515,-204334714.0357501,-258921782.78320986,-1586341765.900029,-2604190144.334542,1017848378.4345129
2023-12-08,-471954372.48151016,539299398.5070758,18107661.49094225,-3225341.8565840535,26442225.0,-331975770.4122623,-223306199.7523385,-779456380.0345411,556150180.2822026
2023-12-15,-10784024.981966302,843931726.5787004,22392536.27318579,-1509965.1452915077,14907899.999999981,-459053879.3020757,409884293.42255276,11271234.846904755,398613058.575648
2023-12-22,229139549.66416124,944358272.7496969,24485412.38949033,-2072554.1070014494,13052550.000000024,-482982431.2238249,725980799.472522,414486807.0166378,311493992.4558842
2023-12-29,313296091.8288288,984206455.212607,26221463.050884686,-294297.8179675564,14935800.000000006,-500607832.66543293,837757679.6089199,552015263.0511189,285742416.557801
2024-01-05,137954568.83391032,756625788.9863371,20731010.39124675,258597.4866495293,-16867875.000000034,-408647198.23682076,490054892.46132296,190446535.02943325,299608357.4318897
2024-01-12,88217695.2203213,613922774.459325,19660939.01550083,1351068.9659691227,-1288050.000000014,-363691094.11781746,358173333.54329866,161904757.20242214,196268576.34087652
2024-01-19,-122092330.87085214,664198509.1552432,18692176.481485672,1752821.1505143878,15472874.999999994,-379727012.54861873,198297038.3677724,-188538482.1459303,386835520.5137027
2024-01-26,-47079578.40661395,573367249.9850352,19355027.75906547,2916757.066357501,11318100.0,-355331605.5480571,204545950.85578716,-57245894.44655037,261791845.30233753
2024-02-02,400008190.3967739,500534172.75697356,17262467.15023233,-1506226.8002673911,11266950.000000011,-348089508.4268646,579476045.0768478,695091021.3982887,-115614976.32144094
2024-02-09,734165996.7948345,658730061.3148314,19283825.30320099,-601641.6783039714,5456774.999999992,-411030888.2111866,1006004128.5233762,1249641728.2159414,-243637599.6925652
2024-02-16,52469513.66904449,649827629.1735166,20615207.690304182,-13750.413007718278,13096725.000000037,-418022360.67743826,317972964.4424193,100436128.49252033,217536835.94989896
2024-02-23,220617710.64151025,846661615.0795873,22227286.54213781,-1822029.0832364075,13412925.0,-532858129.74941933,568239378.4305795,379874689.0435486,188364689.38703096
2024-03-01,464048675.5991629,827667361.0672617,21815092.22417027,-1582068.267887788,8760600.000000022,-505430080.82031626,815279579.8023906,798286980.3115902,16992599.49080038
2024-03-08,604347503.2470572,1062487616.3325927,24027822.75059658,-4725048.736374754,-6282150.000000027,-625525982.0652418,1054329761.5286298,1031007257.2892475,23322504.239382267
2024-03-15,7678022.205964455,985677443.9630321,25515882.19277706,-1639369.9623064026,-16335450.000000017,-612054107.5751374,388842420.82432985,31664414.629504204,357178006.19482565
2024-03-22,87294057.98144929,1022686751.3853246,25230775.506466627,-1234275.3906308431,-16772550.000000004,-628330393.1217605,488874366.360849,172970545.00810623,315903821.3527428
2024-03-29,205556392.9127151,859738327.508173,22742612.97619668,-3494356.01400836,-13061850.000000034,-532533746.0235578,538947381.3595186,364042420.2299061,174904961.12961257
2024-04-05,217658818.1296571,815484645.0957614,21969411.636713337,-7056460.6568196025,-4331475.00000001,-504430937.72174245,539294001.4835699,381762268.12575626,157531733.3578136
2024-04-12,692390903.0983441,666021210.9721122,20220539.565066375,-7830598.029295543,-36474600.00000004,-427531805.7152942,906795649.890933,1185853132.5098572,-279057482.61892414
2024-04-19,192907830.7633776,526953824.49336374,19639700.41896707,-10645968.194958594,-22782675.000000015,-352405360.1221366,353667352.35861313,339279380.84386444,14387971.514748693
2024-04-26,55727018.49750272,627646521.9471334,19776668.14777292,-8784967.684218267,-25035600.000000015,-404821346.084003,264508294.82418776,102753454.98993683,161754839.83425093
2024-05-03,258573330.51643866,714213868.9943848,21394621.791342527,-5436945.354818305,-17397975.00000002,-439642238.27866185,531704662.6686858,443266221.4353895,88438441.23329628
2024-05-10,203183018.75355357,824538880.2111238,21482863.81943021,-8733543.363967448,13734239.999999994,-499870432.66235894,554335026.7577813,347726645.4821882,206608381.27559304
2024-05-17,212147003.68043157,825618284.4734895,22357371.991513725,-10551578.692463294,-21523920.00000002,-509521732.4009074,518525429.0520642,365458101.03174114,153067328.02032304
2024-05-24,243984400.77390176,773231320.8426797,22976455.604993954,-8869733.128692087,-13919774.99999999,-515804846.6546198,501597822.43826354,421540597.6035509,80057224.83471262
2024-05-31,-107319502.44738509,621986181.2709337,21124052.71434041,-9663998.522657076,9751050.000000045,-457699495.7140917,78178287.30114031,-169202260.3792696,247380547.6804099
2024-06-07,318149628.1370299,611336849.1119249,21002409.952506617,-7934907.521390428,378974.99999999197,-472708212.7646296,470224741.9154414,540884575.5835552,-70659833.66811383
2024-06-14,234422024.80188465,508209892.51533055,20347357.86569605,-8572108.47987082,-10030050.000000002,-411273857.8286071,333103258.8744334,391404461.9495497,-58301203.07511628
2024-06-21,96492564.82398447,642392263.956882,22228021.357299834,-9907653.609553259,-15289200.000000006,-479813185.2229578,256102811.3056553,169535230.15008163,86567581.15557367
2024-06-28,27842557.785051648,532504859.81124467,21531871.14927422,-10228330.34695705,-10588050.00000001,-422567010.03128153,138495898.36733192,59217796.39929962,79278101.9680323
2024-07-05,332382999.67070395,682947310.4189671,23072152.886680007,-11775435.298400562,-11372969.999999998,-516530389.6121628,498723668.0657878,576473794.8361559,-77750126.7703681
2024-07-12,471928223.0912243,619240643.5575339,21793591.772044145,-11836154.238452207,-21901500.00000002,-464566558.6459615,614658245.5363886,803384170.8838701,-188725925.3474815
2024-07-19,162234655.2005466,523983311.9066872,22009005.47702021,-10414051.66973091,-5872949.999999971,-398722558.4489722,293217412.4655509,288701833.685874,4515578.779676914
2024-07-26,239079092.04578546,467008993.22322387,21866158.624059036,-9427358.176029826,-2301750.000000012,-350689375.5068914,365535760.2101472,403814280.4344549,-38278520.224307716
2024-08-02,178392658.71944222,396051113.46958184,22423618.99797853,-8939169.375018908,18227999.99999998,-355996571.28315747,250159650.52882624,313626669.1044302,-63467018.57560396
2024-08-09,422255388.97534275,417874363.0775123,22257993.89140798,-9494250.00599806,4856924.999999989,-367522782.0891889,490227638.8490761,727594908.0781727,-237367269.2290966
2024-08-16,526497764.3149312,746255635.2685786,24885370.761800937,-12666224.012738101,2215725.000000007,-545086108.7144079,742102162.618165,902007858.419076,-159905695.80091095
2024-08-23,473883264.50554204,833610503.3981856,25471288.180323556,-11121898.192842573,13168800.000000011,-582560723.0794077,752451234.811801,805450591.2180271,-52999356.40622616
2024-08-30,48699701.21658559,702820704.9020672,24692384.377646383,-9912802.8713882,18583724.999999996,-516800077.604691,268083635.02021992,115978828.9122734,152104806.10794652
2024-09-06,223605677.1275294,541651503.8940862,25118417.609602995,-8740596.963243857,-7263300.000000007,-444406726.78130907,329964974.88666576,379502622.84989166,-49537647.9632259
2024-09-13,587142775.5322313,736979510.8513799,25005043.36756634,-10667409.955115525,13366425.000000015,-523449668.69077283,828376676.1052892,1007178242.2176981,-178801566.11240888
2024-09-20,605842380.1249094,979921430.3743578,27464958.07681378,-11981111.893321177,14926499.999999996,-636518221.4351448,979655935.2476147,1038714520.2009678,-59058584.95335305
2024-09-27,774066953.437337,1094619472.965206,28702453.966582995,-14407187.363635289,10539225.000000026,-704177706.747416,1189343211.2580748,1335257247.5749817,-145914036.31690693
2024-10-04,190356902.33596212,1112131860.8527021,30803615.215927586,-15969124.54589726,-30922500.000000026,-689685543.875188,596715209.9835066,327646845.8193636,269068364.16414297
2024-10-11,632281470.2032527,1170271764.9954605,29233014.469586886,-13550250.121674057,-4938299.99999999,-698958471.6331135,1114339227.9135127,1068710013.6377182,45629214.275794506
2024-10-18,865839902.7139015,1362452061.0300512,32766655.76947449,-11816870.35578201,-10849845.000000006,-792529485.1033926,1445862419.0542526,1486142080.3552046,-40279661.30095196
2024-10-25,814840511.1212168,1404263257.588127,31436993.24557886,-13587769.576679345,-15131100.000000007,-819836822.2431262,1401985070.1351173,1383472762.5269003,18512307.608217
2024-11-01,-84448250.74772601,1047149434.1554433,26856538.886297207,-15091260.310006924,20732025.000000026,-619089049.1712308,376109437.8127768,-121521157.70371532,497630595.5164921
2024-11-08,450326013.3178773,1320538130.21475,28255934.08585768,-15736192.176704967,-5198700.0000000065,-706049793.8471278,1072135391.5946523,767343407.8131123,304791983.78154004
2024-11-15,691356817.4682499,984876229.8681455,26199371.47252014,-11909436.779217854,-27225749.999999993,-558829756.2299234,1104467475.7997742,1170898076.2610817,-66430600.461307526
2024-11-22,700832268.8054132,1058869895.5570172,25505637.26267582,-15511139.058615927,-30724875.000000022,-572690609.8786473,1166281177.687843,1194397328.1823435,-28116150.4945004
2024-11-29,281614660.6252708,1042762386.460265,23475734.86222329,-11113230.428915273,-13696575.000000041,-582008090.242382,741034886.2764618,492195958.78738976,248838927.48907208
2024-12-06,219138974.43023184,1049968621.5313793,23432455.801168762,-14137043.27445365,-13385025.000000004,-609763685.4696592,655254298.0186671,370521131.90285873,284733166.11580837
2024-12-13,190770675.41910118,803314639.52497,19702468.675199676,-16659097.42321655,-20101949.99999998,-508464112.2918338,468562623.9042205,324708715.21437645,143853908.68984407
2024-12-20,146569623.56005085,589677608.7750763,17588131.235268183,-15503525.580110693,-26611950.000000007,-416592539.9554599,295127348.0348248,249646964.16709328,45480383.86773151
2024-12-27,108067425.19254635,598760782.2861518,17141559.63667666,-15655710.153087525,-26065575.000000026,-425414144.9838765,256834336.97841078,190262531.3779354,66571805.60047537
2025-01-03,254188348.6331121,705184839.8986418,19377759.687882625,-16196977.654315326,-13781205.000000006,-454722725.1606286,494050040.4046926,493656834.7853422,393205.61935037374
2025-01-10,-437273229.3647373,563419786.7461427,16361792.717676314,-18810455.99691182,6137999.99999998,-370163588.790238,-240327694.6880681,-710695847.5805454,470368152.89247733
2025-01-17,171153372.4466647,731510329.913929,18335545.694915347,-18764576.885657884,-24330659.999999985,-436399967.24780685,441504043.9220442,293551544.293664,147952499.62838024
2025-01-24,163988284.50583184,752677391.6736507,17474440.699490074,-19918400.199838053,-19632300.00000001,-458072028.43080354,436517388.24833107,274390271.7662916,162127116.48203945
2025-01-31,167849995.25613248,710978363.0680994,18223002.82937567,-20105522.471990082,-21710850.000000022,-417091180.0569064,438143808.624711,281952369.9565487,156191438.6681623
2025-02-07,-211777740.77328166,635976812.009621,18701318.02930645,-20517849.048975363,-31974330.000000022,-386485119.2471524,3923090.9695180655,-347524114.69170856,351447205.66122663
2025-02-14,223074571.6579058,696559826.6283563,19393961.278991364,-21614462.724888444,-24005625.00000003,-429702720.1441671,463705551.6961979,381710284.6253185,81995267.0708794
2025-02-21,160777098.37579748,547703991.9270134,18769228.136892874,-22243032.218326304,-21183075.0,-351163153.41147697,332661057.8099005,274274293.06718445,58386764.742716074
2025-02-28,74891841.8654082,389935442.52552545,19334149.6822856,-17796948.127771396,-20739000.00000002,-301710740.657064,143914745.28838384,125318287.7808609,18596457.50752294
2025-03-07,-39325380.12529801,322051667.06746256,17120135.09736545,-18529991.744672988,-25100700.0,-245116770.31129208,11098959.983564883,-54886509.96656132,65985469.9501262
2025-03-14,-162994896.43860203,262157308.33952427,15932927.980238294,-20985908.492153585,-15224100.000000006,-207004992.52162406,-128119661.13261712,-264302291.19851685,136182630.06589973
2025-03-21,-144996405.835781,204097076.59828258,16761846.063325081,-21344770.857581303,-16121550.000000013,-175600329.04332638,-137204133.07508105,-243619944.9481001,106415811.87301904
2025-03-28,-187917523.92191827,88446854.01467928,15823847.03881614,-21114358.52817346,-15005084.999999996,-131767488.1318065,-251533754.5284028,-314618856.0207329,63085101.492330074
2025-04-04,-36710772.58550867,-274185949.87062985,12790675.106192457,-13218925.342767848,-11325540.00000002,51430183.754803,-271220328.93791085,-48741327.43317604,-222479001.5047348
2025-04-11,-640647042.5677503,-25118417.066712838,11873267.7984801,-17635499.493421834,18548850.000000026,-82541681.46320005,-735520522.7926049,-1051171591.2630892,315651068.47048426
2025-04-18,80554082.47700213,82414783.07365024,15433224.341406548,-16827598.7969554,-15951824.99999999,-155734391.60589936,-10111725.510795832,138194952.1003132,-148306677.61110902
2025-04-25,171982027.71720347,160777440.37363687,16981144.341381468,-17932514.789644334,-14480100.000000015,-195443587.5601179,121884410.08245957,298705291.33277893,-176820881.25031936
2025-05-02,207692746.70334634,235812820.3563227,15928994.328529302,-18808903.636225387,-24740325.000000022,-248521602.54178885,167363730.21018407,352873830.2342787,-185510100.0240946
2025-05-09,-372375999.94303465,142482044.01415765,16346891.887109902,-19063905.409180157,-20988240.00000001,-196217455.37907282,-449816664.83002007,-604784336.276165,154967671.44614494
2025-05-16,44185058.58818164,263323694.86464655,17048368.282605782,-14476209.551139068,-25454099.999999978,-258823851.26651216,25802960.917782724,78263471.6407423,-52460510.72295958
2025-05-23,-22664098.56138631,189037377.54497296,16470932.403045079,-20286153.95607077,-26844450.00000003,-226297683.79581675,-90584076.36525583,-25777531.454006195,-64806544.91124964
2025-05-30,101137961.62581342,298858022.1781985,17733761.432265885,-18389027.559566785,-25958160.00000002,-279264303.3580366,94118254.31867445,179972937.0214405,-85854682.70276606
2025-06-06,-37702499.27788533,389899037.7693901,17504883.67424079,-20228778.299736768,-31022010.00000003,-288281829.41903704,30168804.446971714,-55659333.74672794,85828138.19369966
2025-06-13,-95548390.93317115,360643772.90450114,17453678.147776455,-21903503.297798414,-25401090.000000007,-269284517.6901827,-34040050.8688747,-147980253.33686256,113940202.46798787
2025-06-20,-41889721.43203734,328865021.8490028,17263627.45286132,-20768220.921063844,-23846595.000000004,-245145546.6516142,14478565.297148705,-57337371.259114265,71815936.55626297
2025-06-27,-34807401.755801015,508069557.51651067,18137550.6409197,-17622809.562543474,-17424015.00000003,-325674729.0547803,130678152.78430551,-45382844.60204601,176060997.38635153
2025-07-04,-78887102.89552917,528614483.6929811,18131604.59838332,-16990357.70941336,-8046825.0,-308642799.2962676,134179003.3901543,-118553432.30282688,252732435.69298118
2025-07-11,-458404883.1884207,445361773.6952125,16914366.925888456,-18740810.672793128,10978650.000000032,-265866487.29710984,-269757390.5372227,-746174558.0733957,476417167.53617305
2025-07-18,-168480535.1856735,576344450.2513874,16662118.099981144,-19608454.82800623,-28053450.000000015,-331315564.36000544,45548563.977683365,-270670972.88295937,316219536.86064273
2025-07-25,-191026288.64683598,689362559.246845,16851830.350396052,-20416387.253873922,-26567775.0,-393804056.66159946,74399882.03493166,-308033385.1177387,382433267.1526704
2025-08-01,159926926.73153618,683354342.94036,16907222.764327317,-21463292.591934714,-22364175.000000004,-382726455.5787516,433634569.2655371,279184195.85641193,154450373.40912515
2025-08-08,-280583439.4346537,870830201.3685083,17227553.67173914,-23272211.208954774,-26818875.000000022,-451994779.20383227,105388450.1928066,-455679688.9814081,561068139.1742147
2025-08-15,-401720831.1231444,796982317.903898,16431478.243210128,-18980803.737705912,-21852675.000000004,-378844592.50207305,-7985106.2158151865,-656049783.6986418,648064677.4828266
2025-08-22,-358900539.3141128,734694213.8622879,15333052.116059484,-20479260.634874467,-25814475.000000004,-342356886.8575944,2476104.1717657447,-584954431.5148878,587430535.6866536
2025-08-29,-316450385.72362286,748053330.5335685,15181624.514274182,-22991488.87744223,-23761500.00000001,-324454010.1167904,75577570.32998717,-516198041.71765137,591775612.0476385
2025-09-05,51865748.51403798,1036074678.8193916,15164148.808950938,-26950890.328652363,-23263950.00000005,-439693001.1538765,613196734.6598516,96079495.02096558,517117239.638886
2025-09-12,-578424504.9655737,856037569.5224572,15071721.225916777,-25611527.78185,-15063675.000000037,-390901162.6307455,-138891579.62979513,-949200756.2431107,810309176.6133156
2025-09-19,-363783382.79303646,863408851.6635925,14287838.923475323,-24476948.62853778,-22802205.000000026,-385962674.47046745,80671479.6950261,-600581541.2202263,681253020.9152524
2025-09-26,-416965618.13933754,750738513.0253216,13593682.832742514,-27188076.190484498,-22173525.000000004,-339081517.65589744,-41076541.12765539,-690678429.9387903,649601888.8111349
2025-10-03,-101433853.78422959,874294473.7186232,14117498.556430083,-27315075.554337803,-1913474.999999995,-397312358.5540791,360437209.38240665,-165351238.15514374,525788447.5375504
2025-10-10,-307398160.7448562,683475038.749568,12973338.86117164,-28746333.563368063,-1709804.9999999944,-311719941.1564553,46874137.14606011,-507019045.54480267,553893182.6908628
2025-10-17,-355031049.9983032,749485996.3395994,12629612.345472367,-30781898.906076312,5370750.000000019,-332996983.7784867,48676426.00220555,-578676259.0883999,627352685.0906055
2025-10-24,-349859103.4113438,928724386.8135294,13651636.110188657,-28848255.91113767,12178350.000000022,-413015777.927093,162831235.67414343,-571157147.5601759,733988383.2343193
2025-10-31,-228566981.02440432,957891788.6716506,13789443.868559124,-26000791.920013383,-14749800.000000011,-458984489.1981778,243379170.39761424,-360809872.61311054,604189043.0107248
2025-11-07,-182459975.54209003,595383295.3740249,12190548.860641845,-27955638.084535282,-26539875.00000003,-323836855.05759597,46781500.55044532,-293703196.52179337,340484697.0722387
2025-11-14,-599084383.0757282,788682862.9395204,12386083.38551991,-32403934.19772993,19081274.999999993,-392459776.3104672,-203797872.25888503,-975285711.3389072,771487839.0800222
2025-11-21,-606618802.3639896,575301330.9371489,12018268.225860527,-29177283.218347277,25616850.00000003,-291143028.6035972,-314002665.0229246,-987037075.9289093,673034410.9059846
2025-11-28,-687271341.9807657,754747937.2931824,12723211.005560415,-34015245.83155604,23847525.00000003,-355128682.93553436,-285096597.44911325,-1125131012.4344969,840034414.9853836
2025-12-05,12995190.878983852,748776658.9700726,12000609.653145075,-34818805.5587087,-24491549.999999996,-336229432.92858857,378232671.0149043,26108717.95237255,352123953.06253177
2025-12-12,-717865512.0389441,825210113.6006334,11788888.999799117,-35016822.19866402,24742650.000000026,-355841917.19671905,-246982598.83389467,-1178850741.3633947,931868142.5295
2025-12-19,-729972482.5049623,999420864.5743651,13199459.291917112,-36150161.48860652,28118550.0,-426596064.69668955,-151979834.82397616,-1199323785.8553095,1047343951.0313333
2025-12-26,-654296388.8417853,1043389942.8974048,13345681.892069161,-37798290.49076185,28427775.000000022,-439665171.91427594,-46596451.45734912,-1071244529.7610512,1024648078.3037021
2026-01-02,-667892016.3465848,1014575877.1362553,13218530.439005034,-34318039.28874106,27312705.000000022,-435513846.15384525,-82616789.21391082,-1092127425.689969,1009510636.4760582
2026-01-09,-448285286.38119316,1306097449.2085583,15027000.625555094,-34526279.241304114,15754200.000000015,-520745632.39828,333321451.813336,-749354430.5561352,1082675882.369471
2026-01-16,-514946868.7776492,1156143588.782132,14198409.728935193,-35706490.09463643,19015245.00000001,-448956152.3088517,189747732.32992983,-833833575.4028873,1023581307.7328172
2026-01-23,-560856764.9437909,1155095015.0589044,13843345.499131985,-40424085.299724504,17463540.000000015,-386674894.601195,198446155.7133261,-911672416.8479424,1110118572.5612683
2026-01-30,-584417215.3840623,1086127067.205935,12916086.960158002,-36915066.39643842,22085175.000000026,-414255143.9042032,85540903.4813891,-952576557.0519133,1038117460.5333023
2026-02-06,-317602121.6573875,1097266753.5840857,12637066.542788997,-40084413.26869564,36794055.00000003,-417757943.2376164,371253396.9631752,-518041550.9829588,889294947.946134
2026-02-13,-514930282.8157648,1013264573.0304512,12003093.449199045,-39374896.49779662,28704450.000000022,-360331583.2536084,139335353.9124804,-831778527.8704023,971113881.7828827
2026-02-20,-488984999.31442714,1162251533.2901375,12140690.318742424,-38809287.603765525,24961200.00000002,-426134506.6977533,245424629.992934,-790103200.236064,1035527830.228998
2026-02-27,-464159111.22404873,1339683110.8037193,11246448.567181358,-42280840.675599046,24661275.00000004,-454193985.8041214,414956896.6671314,-747475483.7371254,1162432380.4042568
2026-03-06,-371415409.40485173,1205591243.7517397,11067802.97175758,-40651948.25838173,42405675.00000002,-409943668.67448527,437053695.3857786,-610768494.4262123,1047822189.811991
2026-03-13,-292671470.6792655,1194661703.1914172,10708750.016115217,-38406014.774929345,28058100.00000003,-416511126.08471316,485839941.66862446,-479097610.31087494,964937551.9794993
2026-03-20,-354566638.5568262,978727092.1003822,8900563.323126206,-32235468.994871955,28495200.00000003,-345475290.32345426,283845457.54835594,-583582441.5504589,867427899.0988148
2026-03-27,-400949701.9799893,1080059562.3526921,8698792.710336262,-30577119.089072067,34525320.0,-345578051.6189756,346178802.37499136,-663773385.109601,1009952187.4845924
2026-04-03,-333449713.8812512,1861946043.7690792,13861556.474423021,-35510502.017602965,15029265.000000015,-684417126.6399667,837459522.7046812,-545289522.1573505,1382749044.8620317
2026-04-10,-308224290.21893185,1886815765.2942796,17383689.03448777,-32053637.42732514,14248530.00000002,-664364051.197403,913806005.4851072,-513453541.74102783,1427259547.226135
2026-04-17,-480367066.79181683,2229272440.478605,16087043.59919247,-31701002.861620363,36274650.0,-777023986.927732,992542077.496628,-786722449.4919529,1779264526.988581
2026-04-24,-505739559.80530655,1949293329.522243,13546261.40170167,-30495201.737735044,39399450.00000003,-644747241.9358408,821257037.4450624,-836493468.3693819,1657750505.8144443
2026-05-01,-710288236.4690386,1891300950.790208,13156803.560901418,-30247423.082837015,28669575.00000005,-586408546.3752037,606183123.42403,-1161820948.6196098,1768004072.0436397
2026-05-08,-313310626.0251264,2020623749.719566,13025879.840586126,-28571328.029044323,18353549.999999993,-647934627.9851738,1062186597.5208076,-519967775.5129156,1582154373.0337234
2026-05-15,-534672860.1778991,1643160222.4680326,10899629.330795823,-30275834.97280363,47863380.000000015,-522905606.36141723,614068930.2867084,-885132547.7612858,1499201478.0479941
2026-05-22,-410108160.7232508,1908577517.5544767,11891262.018279918,-25685290.359391853,43941570.00000002,-603818269.314211,924798629.175903,-676659308.6256094,1601457937.8015122
2026-05-29,-405603225.0310613,1959490906.531324,11635580.661508482,-27450560.39238641,42723734.99999999,-595979013.7389066,984817423.0304782,-666899253.0596151,1651716676.0900934
2026-06-05,-383873858.90327394,1578835103.3534286,10616092.1102933,-23676026.35528028,50868210.00000005,-494138788.98107475,738630731.224093,-627206678.5381279,1365837409.7622209
2026-06-12,-478664176.2730626,1741407062.3366487,11138206.110040262,-19000080.872275442,39397590.00000002,-523170550.38580614,771108050.915545,-787034952.6084757,1558143003.5240207
2026-06-19,-410917094.6330484,1840387102.161174,11066637.905461872,-20686796.38193207,35271645.00000002,-560475720.6268383,894645773.4248172,-672873845.7582636,1567519619.1830807
2026-06-26,-265915152.02362162,1463394349.4514365,10292870.69290275,-20212890.55562263,29009025.00000003,-421849869.2953908,794718333.2697043,-430383311.0109606,1225101644.280665
2026-07-03,-367099585.4417498,1420586687.7928896,10129511.125463855,-19945232.05449604,18719970.000000007,-442310959.44039696,620080391.9817107,-601677581.7651539,1221757973.7468646
2026-07-10,-286662841.70688826,1315427416.2082283,10272243.755305583,-18552543.676055916,14301075.0,-466599618.467741,568185731.1128488,-477507229.3389263,1045692960.4517751
2026-07-17,-338610891.2995369,1098782964.2858317,9960786.032487137,-16839488.183401197,41484975.000000015,-419774551.8584821,375003793.97689855,-558125480.6265688,933129274.6034673
2026-07-24,-360892055.5446972,924954186.3306888,8451751.559479173,-18900429.29988355,35191199.999999985,-368576634.1124183,220228018.9331689,-595912962.7348213,816140981.6679902
2026-07-31,-660036167.1098264,1157705441.5350008,8502187.934550717,-17487068.913060818,26935125.000000022,-471807919.57620883,43811598.870455384,-1086945972.4412832,1130757571.3117385
2026-08-07,-347016585.45405763,1246230370.5945895,8924869.190026034,-20994629.27459419,24124200.000000022,-492047123.84553707,419221101.21042657,-572573804.8930235,991794906.1034501
2026-08-14,-331270225.1201095,1161237205.1635308,8620678.06143175,-24175335.3058936,31214055.000000022,-471023533.0190464,374602844.77991307,-548120228.8727922,922723073.6527053
2026-08-21,-392478466.69521475,1044176327.9613951,8265013.48050315,-27452559.427518524,31410750.000000015,-426241652.3564189,237679412.9627462,-653497229.8636074,891176642.8263535
2026-08-28,-406139250.82942784,1013839221.307555,8175289.130165076,-23168516.882707696,24837975.000000026,-445078176.6130821,172466541.1125024,-679843867.1296253,852310408.2421277
