date,fi_bonds,equity,high_yield,rates_credit_idx,fx_hedge_residual,futures_overlay,irs_hedge,asset_pnl,liability_pnl,surplus_pnl
2017-09-15,-898804729.1194324,1081033308.343588,17307953.2639618,-4754710.563870565,-62221376.998500034,0.0,0.0,132560444.92574684,-1646168366.6746655,1778728811.6004124
2017-09-22,-899569770.8942626,1002851768.1387286,16556317.458326701,-1651747.9702710086,-64406875.58025004,0.0,0.0,53779691.15227172,-1647784388.622221,1701564079.7744927
2017-09-29,-935571894.3391122,1061208461.8162193,16786769.15237078,-3175001.0350579387,-65522874.85950003,0.0,0.0,73725460.73492,-1675719021.4997635,1749444482.2346835
2017-10-06,-863296138.6898664,1197021953.9659266,16735112.80936705,-6117653.891256699,-58664157.944250025,0.0,0.0,285679116.24992055,-1578140462.7029552,1863819578.9528759
2017-10-13,-896732844.7499605,1286438531.0447407,16927848.41447922,-6834931.769675131,-67243352.12100002,0.0,0.0,332555250.8185842,-1642089455.132947,1974644705.9515312
2017-10-20,-933261475.0697533,1283265478.3151495,16016189.570641285,-5095495.788559854,-69219603.86475003,0.0,0.0,291705093.16272765,-1671081324.0778217,1962786417.2405493
2017-10-27,-663372079.8410095,1365429657.4254293,17105766.32724596,-2314032.772218693,-69800844.91350004,0.0,0.0,647048466.225947,-1250428848.3150911,1897477314.541038
2017-11-03,-478233030.4771923,1499524264.087454,18946044.986751854,-683828.7024924188,-186.46499999703744,0.0,0.0,1039553263.4295212,-918351493.1324644,1957904756.5619855
2017-11-10,-273063008.09435743,1239733221.0585296,17461010.358779628,-4595386.038728965,-67522330.03350003,0.0,0.0,912013507.2507228,-447154769.63632965,1359168276.8870525
2017-11-17,-213044212.35831586,1176111367.134093,17862452.933957905,-4865415.808399175,-72869796.78600003,0.0,0.0,903194395.115336,-382474343.5720711,1285668738.687407
2017-11-24,-391665201.2328023,1153738746.848629,17567384.683316916,-5189683.774873348,-74009027.95350003,0.0,0.0,700442218.5707703,-888714342.6587162,1589156561.2294865
2017-12-01,-281613035.3523316,1270716072.7931633,17285063.51593837,-4824593.541274665,-210.36599998219842,0.0,0.0,1001563297.0494955,-690795807.9247427,1692359104.9742382
2017-12-08,-939934554.1597141,1035093100.5738834,14925173.520216197,-2922474.7619845774,-60756624.90600001,0.0,0.0,46404620.266400926,-1684301739.2883587,1730706359.5547595
2017-12-15,-41466316.6905806,1141321139.047097,14230522.716329575,-3982592.0637318706,-77821988.42850006,0.0,0.0,1032280764.580614,-72795803.77086163,1105076568.3514757
2017-12-22,-167950010.6987463,1187619809.0379493,13892017.72978386,-7206192.3835912375,-79100736.68475002,0.0,0.0,947254887.0006456,-304635646.0414629,1251890533.0421085
2017-12-29,-176961751.6611111,1237534336.7830002,13747499.827362455,-7929111.087959407,-79286737.87050003,0.0,0.0,987104235.9907923,-320156257.0816555,1307260493.0724478
2018-01-05,-103074171.31165774,1304871827.359898,13690292.313140938,-6862205.7799330065,-41231550.000000015,0.0,0.0,1167394192.5814483,-138010918.66607475,1305405111.247523
2018-01-12,-184610880.62200126,1357208482.7813716,13411328.932950001,-6210110.780851808,-120811229.12850007,0.0,0.0,1058987591.1829685,-288677910.4784641,1347665501.6614327
2018-01-19,-119587275.08281541,1411093164.7235904,13492087.841957852,-4581576.324052371,-84290121.92100005,0.0,0.0,1216126279.2376804,-170643038.8739071,1386769318.1115875
2018-01-26,-97990421.49648954,1415828248.6512246,13139994.87902803,-5933466.792539769,-85471215.17850006,0.0,0.0,1239573140.0627232,-130404953.73529434,1369978093.7980175
2018-02-02,-210262127.57050765,1180046456.241604,11579666.385545563,-4394625.368956588,-34828500.000000015,0.0,0.0,942140869.6876855,-336395306.7304449,1278536176.4181304
2018-02-09,25588266.64628285,820141904.1279844,8698636.275418244,-728355.706469465,-44640000.00000001,0.0,0.0,809060451.3432161,47600511.83568764,761459939.5075284
2018-02-16,-232276354.49454278,971854502.7504158,9192378.545080643,-2374656.474564138,-88182147.04350005,0.0,0.0,658213723.2828894,-374582077.8463888,1032795801.1292782
2018-02-23,-271574736.6157738,1009285859.3788757,8007720.216217041,-75244.12518269074,-89656193.32350005,0.0,0.0,655987405.5306362,-447690511.8697777,1103677917.400414
2018-03-02,-52232337.33301481,891839336.8387359,7387964.394457594,-221453.2623019854,-29290350.00000001,0.0,0.0,817483160.6378766,-96769844.24145126,914253004.8793279
2018-03-09,112605309.4534127,1129000516.405739,10052449.262790736,-1680262.9637434296,-46662750.00000001,0.0,0.0,1203315262.158199,157357073.40630913,1045958188.75189
2018-03-16,-110194766.45187616,1029417953.341175,9407755.759890422,727513.9320648392,-38678700.000000015,0.0,0.0,890679756.5812541,-151376102.08099174,1042055858.6622459
2018-03-23,-108641992.88283367,792629597.5833585,8830773.499647316,-770063.6952942822,-38615925.00000002,0.0,0.0,653432389.5048778,-149370867.08669567,802803256.5915735
2018-03-30,-119147597.08997107,809855485.898298,7706874.685300987,771101.2391161236,-38548500.00000002,0.0,0.0,660637364.732744,-171077617.91023636,831714982.6429803
2018-04-06,35042343.246489964,757434733.6579367,7705772.733348766,-358682.53444676776,-40176000.00000001,0.0,0.0,759648167.1033287,65128828.671627045,694519338.4317017
2018-04-13,-196149755.36230016,953601546.2675217,8946164.587182783,276405.4501195019,-42363825.000000015,0.0,0.0,724310535.9425238,-312743198.68614197,1037053734.6286658
2018-04-20,-197736048.1306951,946269335.9816654,8140152.287334662,664777.1350175892,-45128250.00000001,0.0,0.0,712209967.2733226,-310692462.59589386,1022902429.8692164
2018-04-27,-127664933.27501898,815973076.0126407,6393739.843109306,594917.5497120863,-43217100.00000002,0.0,0.0,652079700.1304431,-184429576.45519543,836509276.5856385
2018-05-04,-56231408.33319041,808126186.6048378,5997836.772936272,-1464911.6708717395,-36921000.00000001,0.0,0.0,719506703.3737118,-55154396.35867977,774661099.7323916
2018-05-11,-118614545.68133211,939582037.08345,5800896.795134325,-1549429.3919763728,-46088475.000000015,0.0,0.0,779130483.8052758,-169112493.34115028,948242977.1464261
2018-05-18,-144763017.28263623,949262034.0864776,5570363.693979678,622601.7703164984,-46200075.00000001,0.0,0.0,764491907.2681375,-213271995.56237411,977763902.8305116
2018-05-25,-89975771.06536895,843337463.3753124,4501893.620871225,1259800.966963561,-41859300.00000002,0.0,0.0,717264086.8977782,-117707115.69916725,834971202.5969454
2018-06-01,-48475452.98480971,814464270.6723413,3943503.3027964327,2324596.4649819797,-99332877.73350005,0.0,0.0,672924039.7218101,-88684998.81763744,761609038.5394475
2018-06-08,-56942102.612802446,901041755.7187887,4335999.689504039,857493.6445070044,-50824500.00000002,0.0,0.0,798468646.4399974,-58016102.71366501,856484749.1536624
2018-06-15,-104567176.68112192,914612161.1925632,5018043.831260347,1472868.4710028335,-45256125.00000001,0.0,0.0,771279771.8137044,-145202516.04380417,916482287.8575085
2018-06-22,-106933628.54459335,815021078.223952,5031078.003995633,2309340.4470857494,-45307275.00000002,0.0,0.0,670120593.1304401,-194633349.1705246,864753942.3009647
2018-06-29,50968104.51139385,752462218.0659548,3435874.27137971,3622026.5064168107,-43435650.000000015,0.0,0.0,767052573.3551452,92940513.77078629,674112059.5843589
2018-07-06,41453483.006347306,794573474.5085533,4632054.824504947,2367562.9936096724,-40269000.000000015,0.0,0.0,802757575.3330152,76183622.31767368,726573953.0153415
2018-07-13,119281976.43047409,777492043.2724669,4646176.511034825,3425648.354117212,-46128000.000000015,0.0,0.0,858717844.568093,169248972.0266018,689468872.5414912
2018-07-20,77211481.41334544,729044544.4665078,3855901.636606948,5500149.77687648,-47990325.00000003,0.0,0.0,767621752.2933366,93941345.35969543,673680406.9336412
2018-07-27,82641032.28711699,699857574.5930095,4022921.842579452,7358072.548680261,-49871250.00000003,0.0,0.0,744008351.2713863,148977113.880414,595031237.3909723
2018-08-03,-138852464.40974534,678709986.715755,4004702.0940590235,6562057.122767923,-38922825.00000001,0.0,0.0,511501456.52283657,-205411343.58115196,716912800.1039885
2018-08-10,-126598610.55087936,750733878.1877793,5455262.635879399,9005359.829229813,-49057500.000000015,0.0,0.0,589538390.1020092,-183358520.98368263,772896911.0856918
2018-08-17,24748895.553539257,773127877.875372,5200722.640002697,11836278.475838043,-50313000.00000002,0.0,0.0,764600774.5447521,45534287.72725773,719066486.8174944
2018-08-24,5043901.305067765,792248836.924352,5373309.718588837,9542477.640831852,-51289500.000000015,0.0,0.0,760919025.5888405,8677717.494515419,752241308.0943251
2018-08-31,-117473347.52329877,739098276.3089046,4742505.383791466,13143376.611885944,-112301732.84850004,0.0,0.0,527209077.93278325,-211516168.64884377,738725246.581627
2018-09-07,26242751.33879787,654923674.0728624,4160496.420865464,14397493.229165131,-45837375.00000002,0.0,0.0,653887040.0616908,48386969.057946205,605500071.0037446
2018-09-14,-23114038.88996082,618977719.3551307,4179487.5697724214,13378249.417212157,-54358500.00000002,0.0,0.0,559062917.4521544,6181411.348340988,552881506.1038134
2018-09-21,-37737633.249244966,680819837.7077069,4266490.345186867,11270556.404033486,-52824000.00000002,0.0,0.0,605795251.2076824,-19921045.026478767,625716296.2341611
2018-09-28,15567193.663106704,606007558.0350308,3793772.523182819,10566464.97177448,-52219500.00000002,0.0,0.0,583715489.1930948,30374470.74094677,553341018.4521481
2018-10-05,-84847889.08106844,429911319.2696054,3430822.902868098,8290654.6962344535,-43082250.000000015,0.0,0.0,313702657.7876395,-107300350.71578598,421003008.5034255
2018-10-12,88044117.29970746,198420238.41402152,2130090.9465915705,9120390.419113373,-50545500.00000002,0.0,0.0,247169337.0794339,160737557.55754185,86431779.52189204
2018-10-19,2774679.574898253,147510082.57416078,1132032.0608516983,7286192.46535607,-52196250.000000015,0.0,0.0,106506736.67526679,7158021.891745567,99348714.78352122
2018-10-26,5424826.81780694,-39612007.40887302,-499105.1610863147,6824763.869711264,-49894500.00000002,0.0,0.0,-77756021.88244116,55168472.00414562,-132924493.88658679
2018-11-02,-234738206.3873411,86208089.00940992,-67733.19602195616,6031965.705944861,-82051158.77850004,0.0,0.0,-224617043.64650828,-380465590.6359539,155848546.98944563
2018-11-09,30014352.518461067,153535554.39304355,1589910.3084995875,8158095.024611691,-48081000.00000003,0.0,0.0,145216912.24461585,56130662.28776169,89086249.95685416
2018-11-16,-27074316.972924177,77216246.05048999,-1096700.6349884565,8653931.111381661,-47476500.000000015,0.0,0.0,10222659.553959012,-3360052.042155266,13582711.596114278
2018-11-23,-6666688.350062482,-159142111.89622337,-2568211.7663763007,7673424.163278309,-46662750.00000001,0.0,0.0,-207366337.84938383,-11990772.436662674,-195375565.41272116
2018-11-30,-133392284.06346318,-3081731.6888624714,-2876566.8782105125,7521294.487486231,-120539208.59250006,0.0,0.0,-252368496.73555,-241822893.03788948,-10545603.697660506
2018-12-07,106539343.868209,-199387712.6252485,-3665930.7517026532,3278949.1289062463,-46011750.00000001,0.0,0.0,-139247100.3798359,146207832.11485004,-285454932.49468595
2018-12-14,-35364270.76247289,-309225116.2738138,-3031739.5893806075,4582693.293313438,-41501250.00000001,0.0,0.0,-384539683.33235383,-64870788.40781975,-319668894.9245341
2018-12-21,66837784.63827009,-640907229.0951887,-5787783.8920309935,6550671.839493782,-38462475.000000015,0.0,0.0,-611769031.5094558,124045195.8832798,-735814227.3927356
2018-12-28,74948160.62629579,-530097570.3794696,-5921382.151477661,7252579.550281927,-35665500.000000015,0.0,0.0,-489483712.35436946,137884951.04495716,-627368663.3993266
2019-01-04,591057621.2885484,-554748323.4697465,-6259704.158293828,9260405.703559412,-9220950.000000007,0.0,0.0,30089049.364067458,1234956763.9653864,-1204867714.6013188
2019-01-11,1270748814.804546,-497309026.31048393,-2877990.166324591,9405588.868069865,53023950.00000003,0.0,0.0,832991337.1958075,2298904790.918969,-1465913453.7231617
2019-01-18,139485722.98730314,-425402500.10926205,-1583519.7235613884,9152241.147099864,-32661600.0,0.0,0.0,-311009655.69842046,208168063.3030653,-519177719.00148576
2019-01-25,204875878.23358792,-502210208.52995116,-1755682.803681817,9040055.678448314,-31247999.999999993,0.0,0.0,-321297957.4215967,327586482.5174513,-648884439.939048
2019-02-01,271714968.5043783,-287738778.08011943,627361.3393830769,7395578.50666751,-28086000.00000001,0.0,0.0,-36086869.72969054,445141811.4517193,-481228681.18140984
2019-02-08,1278784681.0702605,-44898646.20944009,3158856.9073314853,5145388.597731441,29769300.000000015,0.0,0.0,1271959580.3658834,2316809586.5487833,-1044850006.1829
2019-02-15,365696694.1215097,-122813107.1377406,3187790.9751728736,6633244.586712202,-25979550.0,0.0,0.0,226725072.54565415,617015971.77777,-390290899.23211586
2019-02-22,596541755.2597963,-111054293.80285558,4388639.044109631,4024761.354015572,-23849850.00000001,0.0,0.0,470051011.8550659,1280856540.47227,-810805528.6172042
2019-03-01,126318080.57280698,4102766.1877557533,6152171.2052843375,4931172.841373504,-30090150.00000001,0.0,0.0,111414040.80722056,233207883.8756628,-121793843.06844224
2019-03-08,1180458554.0643685,-260864852.55391562,4699318.955552544,6232470.431974644,27462900.000000015,0.0,0.0,957988390.8979801,2185469079.580907,-1227480688.6829267
2019-03-15,538838163.3090099,-106252269.39155129,6522657.39645156,4326471.45090323,-19416075.0,0.0,0.0,424018947.7648134,1166138290.451767,-742119342.6869535
2019-03-22,793696677.9509856,105229999.821552,7654090.572239675,7099835.16189945,-16925999.99999999,0.0,0.0,896754603.5066767,1463053645.3615732,-566299041.8548965
2019-03-29,778062241.3367455,93798055.55005622,8120702.599427555,6683179.49257007,-14693999.999999998,0.0,0.0,871970178.9787993,1434039774.313877,-562069595.3350778
2019-04-05,565092625.4093553,266904135.09448907,8759121.5595022,7348949.037652438,-7672500.000000006,0.0,0.0,840432331.1009991,1195298752.506812,-354866421.405813
2019-04-12,1240720238.8128746,162321747.93236774,8255537.992462914,8470003.834198294,27441975.000000022,0.0,0.0,1447209503.5719035,2242610591.2374983,-795401087.6655948
2019-04-19,587614725.2948598,134330241.11488566,8957767.212267017,9578144.701616665,-12903750.0,0.0,0.0,727577128.3236291,1240599964.3301134,-513022836.00648427
2019-04-26,591837889.0838809,185418151.08526868,9505685.54817522,8049243.252799248,-8314199.999999987,0.0,0.0,786496768.9701241,1241525897.767849,-455029128.79772484
2019-05-03,203253370.65250856,179550791.74054563,9954782.659245532,8111918.415466498,-20413500.00000001,0.0,0.0,380457363.4677662,325945175.8002119,54512187.66755432
2019-05-10,1276169753.2484145,-59148850.268949986,8197904.539908975,8871848.55404855,52224150.00000003,0.0,0.0,1286314806.073422,2307947301.4368925,-1021632495.3634706
2019-05-17,1062906854.9756509,-89933459.97336662,8257072.183926099,8512789.689074025,-1408949.9999999981,0.0,0.0,988334306.8752844,1601376294.0306635,-613041987.155379
2019-05-24,977922413.9977691,-136892286.25573888,8667039.956633843,8603786.624801071,-3422399.9999999795,0.0,0.0,854878554.3234651,1456221089.7051373,-601342535.3816721
2019-05-31,1184707237.7537837,-258224081.68922395,7699885.972274359,6917311.796189172,3068999.999999997,0.0,0.0,944169353.8330232,2193884121.5932913,-1249714767.7602682
2019-06-07,1236590257.5142252,-158834653.8269358,8830624.408181649,6003674.000640293,18813900.000000026,0.0,0.0,1111403802.0961115,2236624285.57265,-1125220483.4765384
2019-06-14,1264056992.12517,-135629931.93688577,8568518.842214514,4063691.7944283593,16342425.000000015,0.0,0.0,1157401695.824927,2289870097.1860247,-1132468401.3610976
2019-06-21,1218069595.193187,21482216.504643124,11248387.644364977,179973.3235676759,20522775.00000002,0.0,0.0,1271502947.665763,2258390902.666032,-986887955.0002689
2019-06-28,1168670055.2910478,98483813.36203888,12910887.117894627,-1583584.651656305,20190300.000000026,0.0,0.0,1298671471.119325,2165005350.38696,-866333879.2676351
2019-07-05,842533389.9922308,87979992.7433191,13308504.37542668,-644260.4170142058,-5863650.000000003,0.0,0.0,937313976.6939623,1551881175.5053701,-614567198.8114078
2019-07-12,1177992072.8928843,33731055.77201629,11940459.73314267,-2421226.9524553264,36228150.00000002,0.0,0.0,1257470511.4455879,2181983892.5927095,-924513381.1471217
2019-07-19,1198165214.5918293,684209.5175427729,11654574.94198661,-3467144.883176119,23396475.000000026,0.0,0.0,1230433329.1681826,2220169884.2858686,-989736555.117686
2019-07-26,1240917862.592677,41022225.13418703,12106003.832578212,-3679133.1878882325,23626650.00000003,0.0,0.0,1313993608.3715541,2244928977.5693693,-930935369.1978152
2019-08-02,565964290.5199448,-110653779.17322269,10752362.888709879,-4190658.0345992064,-22243275.000000004,0.0,0.0,439628941.20083284,1224779110.3645182,-785150169.1636853
2019-08-09,1366183859.3793967,-129521849.71590367,10001682.10644368,-7247435.448038132,45742050.00000002,0.0,0.0,1285158306.3218985,2480166649.0654097,-1195008342.7435112
2019-08-16,1164360257.1794183,-190791166.8110492,9860852.944285158,-9717754.809266614,40157400.00000002,0.0,0.0,1013869588.5033877,2154855776.7125254,-1140986188.2091377
2019-08-23,1179899405.5957806,-306759679.28505766,11275106.492555335,-8317530.079417164,39994650.00000002,0.0,0.0,916091952.7238612,2184742441.437291,-1268650488.71343
2019-08-30,1177759682.9932811,-250518701.32144597,12220263.784906086,-7727924.488430951,40878150.00000002,0.0,0.0,972611470.9683102,2180166796.2010813,-1207555325.232771
2019-09-06,702335566.5945414,-85087737.93421811,13022009.614695787,-8028222.423359632,-825374.9999999789,0.0,0.0,621416240.8516595,1349190187.9469786,-727773947.095319
2019-09-13,1277601608.504737,-41239799.33980471,12759812.241945898,-8167006.207581919,38190450.00000002,0.0,0.0,1279145065.1992962,2313206606.179055,-1034061540.979759
2019-09-20,1298217713.1903725,-142752529.17260072,12635593.780616371,-8447768.62928775,41673300.00000004,0.0,0.0,1201326309.1691003,2352501522.5000696,-1151175213.3309693
2019-09-27,1289055375.4744487,-188026473.65325776,11862713.228105836,-7380874.58670752,44519100.00000002,0.0,0.0,1150029840.462589,2333741152.7764196,-1183711312.3138306
2019-10-04,602039154.1346236,-137296264.11783585,11043255.037837576,-5864294.897652448,-7811999.999999985,0.0,0.0,462109850.1569729,1257515046.9347935,-795405196.7778206
2019-10-11,1133296384.0125418,120272391.7096769,12837472.141501363,-5207604.026856025,49899150.00000003,0.0,0.0,1311097793.8368642,2092293583.432519,-781195789.5956547
2019-10-18,1301510745.8729675,158339787.08366734,14107902.89204605,-5225470.248060047,52642650.00000003,0.0,0.0,1521375615.6006207,2356551667.4613886,-835176051.8607678
2019-10-25,1250494639.1608348,395067517.53877914,15895224.672189876,-6390502.93921093,50782650.00000004,0.0,0.0,1705849528.432593,2262403487.8347616,-556553959.4021685
2019-11-01,143865372.22217387,317452264.2284972,14859017.391447745,-5980158.989125679,-33645075.00000001,0.0,0.0,436551419.85299313,214834669.5979681,221716750.25502503
2019-11-08,1274964630.8633828,307750794.8413816,14981776.561844915,-5991398.454000616,28555650.000000022,0.0,0.0,1620261453.8126085,2308383480.236869,-688122026.4242604
2019-11-15,1252346158.2307332,417585305.10750365,18187612.026701592,-5486992.73446507,51247650.000000045,0.0,0.0,1733879732.6304734,2264989856.7208033,-531110124.0903299
2019-11-22,1188141466.874592,579413607.7677671,18784242.45878125,-5248781.389489057,51387150.00000003,0.0,0.0,1832477685.7116513,2198946629.0900507,-366468943.3783994
2019-11-29,1176853466.3630908,431182743.4142635,20069315.096966237,-6041539.117367562,50371125.000000045,0.0,0.0,1672435110.756953,2177490645.6111193,-505055534.85416627
2019-12-06,1183568121.4471369,675588512.9358865,21806513.37623132,-4539817.6580437925,16275000.000000013,0.0,0.0,1892698330.1012108,2192365471.590472,-299667141.4892614
2019-12-13,1153319410.280389,798801180.5552841,22770545.212519325,-6040785.02152321,49327200.00000003,0.0,0.0,2018177551.0266695,2131593920.7074232,-113416369.68075371
2019-12-20,1121233621.9190662,1300128763.5463922,26631426.42935658,-6268969.759101564,46744125.00000002,0.0,0.0,2488468967.1357136,2068299586.4393625,420169380.69635105
2019-12-27,1105637623.7802649,1195810362.9107397,26751211.99967693,-7021249.545877227,44556300.00000003,0.0,0.0,2365734249.144804,2038785453.6823568,326948795.46244717
2020-01-03,631334078.385948,1073701402.0289757,26147212.121178962,-9119968.897780893,38088150.000000045,0.0,0.0,1760150873.6383216,959871084.4218054,800279789.2165163
2020-01-10,2711.5336492816864,955241204.5754504,22995889.863131188,-9935486.036744298,67787672.14650005,0.0,0.0,1036091992.0819867,4408.212628364563,1036087583.8693583
2020-01-17,1119179706.5713134,930967828.8129705,21841884.29257091,-10279841.951868134,46634850.00000004,0.0,0.0,2108344427.7249868,2063185852.0319662,45158575.69302058
2020-01-24,1026972691.1119233,863384806.7223893,21127490.816078275,-9524315.871827768,48085650.00000003,0.0,0.0,1950046322.778563,1885068694.0473223,64977628.73124075
2020-01-31,1049206959.5266137,658371097.4317,19344681.82269808,-8141078.54257915,52014900.00000003,0.0,0.0,1770796560.2384326,1929164545.1389513,-158367984.90051866
2020-02-07,1903.6231443066079,814275649.5336936,20074809.796826106,-8075766.960366899,80486830.00500005,0.0,0.0,906763425.9982972,3412.9116926193237,906760013.0866046
2020-02-14,962903231.5593977,775246189.179899,20148288.377925333,-8174655.862845937,48922650.00000003,0.0,0.0,1799045703.2543762,1762400408.630724,36645294.62365222
2020-02-21,713705430.3205643,638327356.3627813,19170816.17496194,-11195509.761928584,51057000.000000045,0.0,0.0,1411065093.096379,1084681679.2563457,326383413.8400333
2020-02-28,1053597737.7454495,10688545.55291713,11568451.339909995,-6924967.048808906,110813726.85000008,0.0,0.0,1179743494.4394677,1938296712.7937422,-758553218.3542745
2020-03-06,3164.9720353428675,149482669.2841668,10767816.962615117,-11889303.875407465,84839221.21650003,0.0,0.0,233203568.55990988,5676.466444969177,233197892.0934649
2020-03-13,697334263.9762697,-501931780.93269384,-6536248.50782411,-6603481.201046038,111899856.64500004,0.0,0.0,294162609.97970575,1063507908.6931877,-769345298.7134819
2020-03-20,426159609.64819765,-1008746995.3824205,-25877964.42621607,-8160854.708860217,109186608.42900006,0.0,0.0,-507439596.4402991,722909568.7897444,-1230349165.2300434
2020-03-27,420737420.6613356,-703415275.3596824,-18710860.868097767,-16978037.31315116,107698624.89000006,0.0,0.0,-210668127.98959577,713045269.4175854,-923713397.4071811
2020-04-03,636852548.2882055,-892888048.436904,-19696036.627342224,-16807867.310436256,109697878.39350006,0.0,0.0,-182841525.69297686,966027409.4330072,-1148868935.1259842
2020-04-10,2683.6099220941983,-460926605.5479986,-12197850.485060532,-21926402.73743964,68447972.68125005,0.0,0.0,-426600202.4793266,4482.372654914856,-426604684.8519815
2020-04-17,650517667.2321371,-343372657.76735824,-8494086.804785782,-20198759.035414487,111139619.26350003,0.0,0.0,389591782.88807863,989013158.4941406,-599421375.6060619
2020-04-24,626887509.908189,-415535401.7827923,-10922792.184687711,-21311446.972474985,107707922.84400007,0.0,0.0,286825791.8122341,950164543.1956654,-663338751.3834312
2020-05-01,1006869614.1236216,-398900628.4712525,-9809480.976939483,-19432244.339656223,114766631.07450008,0.0,0.0,693493891.4102734,1847404872.4052095,-1153910980.994936
2020-05-08,487.44515388448656,-110031604.72483404,-8377975.528492013,-20774605.314702593,69935979.67950004,0.0,0.0,-69247718.44337472,457.4831085205078,-69248175.92648324
2020-05-15,238111405.77352318,-184089496.4881898,-9578707.72108997,-23627994.997752104,104127432.09750007,0.0,0.0,124942638.66399139,1003023564.98316,-878080926.3191686
2020-05-22,236719809.06971228,40810999.53780604,-5361900.30998041,-22848811.855987545,103123028.88900006,0.0,0.0,352443125.33055043,995395754.8770943,-642952629.5465438
2020-05-29,5798.405045560055,284064662.3178157,-384122.0519280259,-22206945.11298555,96264277.12200005,0.0,0.0,357743670.67994773,10343.187748908997,357733327.4921988
2020-06-05,5091.312701407666,395203143.4615476,4310097.017252648,-19144936.21917328,91256233.77150004,0.0,0.0,471629629.34382844,9103.499897956848,471620525.8439305
2020-06-12,5167.739028042133,128411859.80384174,966861.5535892855,-20423069.207908012,87973315.70625007,0.0,0.0,196934135.59480113,8979.614831924438,196925155.9799692
2020-06-19,4738.943444747126,119982901.24510907,202713.2027591269,-18478397.04071118,84355622.42550008,0.0,0.0,186067578.77610183,8438.614356994629,186059140.16174483
2020-06-26,4630.879215616613,9389749.48941851,-1475011.6108308956,-19051488.332217436,84443980.79550001,0.0,0.0,73311861.2210858,8222.077299118042,73303639.14378668
2020-07-03,421964958.2170628,126053109.76825507,-1699392.5604340164,-20628335.994010903,41766300.00000002,0.0,0.0,567456639.4308729,713002651.3393192,-145546011.9084463
2020-07-10,3759.5241533356484,216196635.55013752,-851998.4180489678,-19456182.10279216,70447468.61250004,0.0,0.0,266339683.16594973,6709.693605422974,266332973.4723443
2020-07-17,4089.8732925949826,302569289.0926591,951099.1924448791,-19658705.394770432,84769477.21500005,0.0,0.0,368635249.97862613,7276.297317504883,368627973.6813086
2020-07-24,3592.6150673877264,238382859.5123473,2319185.419903066,-22991202.324580334,86443478.37750001,0.0,0.0,304157913.6002374,6248.298597335815,304151665.3016401
2020-07-31,707809797.6425894,458240313.66178626,3996431.7132878844,-24841310.43773388,113418132.37650006,0.0,0.0,1258623364.9564297,1072828893.6482277,185794471.30820203
2020-08-07,1560.3421724067543,681077919.2052317,5655071.922654519,-24369523.37168301,74465080.09800005,0.0,0.0,736830108.1963756,2464.025339126587,736827644.1710365
2020-08-14,-21.173220060323125,793554921.4774604,5897419.217766106,-22060016.021228325,70145220.51900005,0.0,0.0,847537524.0197783,-35.72468662261963,847537559.7444649
2020-08-21,810.4481381069264,910922335.7927397,4276028.662812759,-20783289.028949328,71144976.00600006,0.0,0.0,965560861.8807412,1203.2021560668945,965559658.6785852
2020-08-28,-322.47471172214625,921984713.5367675,4571934.740655519,-23023643.59990016,71423975.44800006,0.0,0.0,974956657.6508112,-485.84742546081543,974957143.4982367
2020-09-04,424345585.04214615,688934852.5700063,4361607.132577705,-21650065.933077592,107024368.98450008,0.0,0.0,1203016347.7961526,717400475.3029423,485615872.4932103
2020-09-11,2452.582590172834,460722441.38925266,3298808.23411146,-21478314.147201248,78389663.61375006,0.0,0.0,520935051.6725031,4417.243184089661,520930634.429319
2020-09-18,1485.0112284662139,530850411.2981658,3338506.497076597,-20681317.341953576,75557820.75150007,0.0,0.0,589066906.2160172,2597.6022186279297,589064308.6137986
2020-09-25,1088.9109219325198,500889731.66708666,1116487.6366900906,-17994245.501347534,73223523.44850007,0.0,0.0,557236586.1618512,1725.1563205718994,557234861.0055306
2020-10-02,618975743.3003157,651242304.7097234,3790191.3689463083,-19529176.36607877,44016900.000000015,0.0,0.0,1298495963.0129066,939436004.1185398,359059958.89436674
2020-10-09,1665.9647377746746,819054814.7982082,4856193.82959339,-20163616.276074708,67889972.10000004,0.0,0.0,871639030.4164647,2903.564076423645,871636126.8523883
2020-10-16,2629.2590754613375,791855851.7007152,4144729.1359883794,-18519736.494549416,68773467.45000003,0.0,0.0,846256941.0512296,4255.41762638092,846252685.6336032
2020-10-23,2977.972253484986,688597013.0172734,4299338.919396522,-17940990.55784383,68912966.05500005,0.0,0.0,743871305.4060796,5166.22469997406,743866139.1813797
2020-10-30,1115502152.5803773,314695952.79873323,2450395.0742464243,-16632173.63086961,115696618.38000005,0.0,0.0,1531712945.2024875,2057311548.7675676,-525598603.56508017
2020-11-06,4623.433036617577,657990642.0174894,5635330.189561294,-20007472.334057204,87047964.05550003,0.0,0.0,730671087.3615301,8265.579307556152,730662821.7822225
2020-11-13,2896.5888556769137,783876131.3965281,7390226.805646391,-18186972.469576966,69098964.66000004,0.0,0.0,842181246.9814533,5154.599862098694,842176092.3815912
2020-11-20,2914.937775523252,867357798.4157962,9179780.529564772,-17462943.88389871,69284970.68175004,0.0,0.0,928362520.6809877,5082.975273132324,928357437.7057146
2020-11-27,2893.490532346342,973796759.3465258,9249458.192733873,-13239656.750626683,70168468.89150004,0.0,0.0,1039977923.1706654,4974.452381134033,1039972948.7182842
2020-12-04,3228.2113158068123,1058826494.7535472,10048736.198416019,-15827802.15123694,90493589.08500007,0.0,0.0,1143544246.097042,5745.385902404785,1143538500.7111397
2020-12-11,2890.4592991534823,979172174.7318,8565695.017687274,-14772261.787887514,69996414.66000003,0.0,0.0,1042964913.080899,5070.488861083984,1042959842.5920379
2020-12-18,3579.528833993827,1037951697.7634441,8472915.920806145,-16402505.544416193,70819474.42500004,0.0,0.0,1100845162.093668,5954.321271896362,1100839207.772396
2020-12-25,3632.4977185595894,1031838103.6968132,8289342.611360649,-14596673.42048621,70396322.37900005,0.0,0.0,1095930727.7644062,6127.969429969788,1095924599.7949762
2021-01-01,4103.846295973709,1069043850.1903458,8595361.169880714,-13645457.008706883,71144971.17000005,0.0,0.0,1135142829.3678155,6861.6312084198,1135135967.736607
2021-01-08,-3048.7580614673743,1242851880.7790234,8940667.42542337,-10234525.921620067,-1.9994999957809592,0.0,0.0,1241554971.5252652,-4989.585399627686,1241559961.1106648
2021-01-15,3025.962058160015,1067136557.005371,8473655.258200454,-9969003.58293883,70317270.70500004,0.0,0.0,1135961505.3476908,4812.225241661072,1135956693.1224492
2021-01-22,2422.579972703858,1339713723.9947107,9292730.507034844,-11653647.447622078,68633974.89000003,0.0,0.0,1405989204.5240963,4400.5347146987915,1405984803.9893816
2021-01-29,1364.5128501279642,1255525641.9215698,9421493.21999836,-12016906.43341721,62472728.14500004,0.0,0.0,1315404321.366001,2531.53279876709,1315401789.8332021
2021-02-05,-2569.705990153567,1369411052.837793,9999331.638799801,-10881837.449659888,-1.0229999928752387,0.0,0.0,1368525976.297943,-4745.608345031738,1368530721.9062881
2021-02-12,158.6438523008908,1378885188.8944542,9419927.173429003,-10655519.895330925,65239385.28450005,0.0,0.0,1442889140.1009047,242.76175498962402,1442888897.3391497
2021-02-19,-1146.6726698890673,1504195380.8853176,9439549.629590228,-5486630.869388027,62449475.331750035,0.0,0.0,1570596628.3045998,-2096.5308780670166,1570598724.8354778
2021-02-26,-1819.415402802346,2054110712.660384,14338270.871790564,-9895718.582508022,394.32000000645286,0.0,0.0,2058551839.8542635,-3304.8687353134155,2058555144.7229989
2021-03-05,-2731.382390294677,1955831673.5733876,15916083.614678863,-3792320.7894592173,7.626000006452651,0.0,0.0,1967952712.642217,-4915.603511810303,1967957628.2457287
2021-03-12,-1556.040997000632,3131992808.441866,33574481.42326191,-11028204.050841346,-38.432249993547366,0.0,0.0,3154537491.3410397,-2775.0447092056274,3154540266.385749
2021-03-19,-2046.4835732642794,4170919140.2056174,58148400.34866377,-11224774.71165094,23.34300000645267,0.0,0.0,4217840742.702057,-3531.2885875701904,4217844273.9906445
2021-03-26,-1644.7227566855513,3368015644.6349587,48282289.899311006,-2517682.13032947,8.370000006452662,0.0,0.0,3413778616.051183,-2929.108332633972,3413781545.159516
2021-04-02,-153.36452411340107,3738012455.079606,49233504.68636147,-2544393.8785837563,249.33300000645278,0.0,0.0,3784701661.8558598,219.71736335754395,3784701442.1384964
2021-04-09,-745.2897387299272,2979647723.8264904,38891792.50285621,3126053.942906268,3.603750006452639,0.0,0.0,3021664828.5862646,-916.9588537216187,3021665745.5451183
2021-04-16,-2776.9044388549178,2901185903.829969,34218208.36408125,-1961822.7561074006,6.277500006452643,0.0,0.0,2933439518.811004,-4958.477411270142,2933444477.2884154
2021-04-23,-2765.9392172276894,2980891230.7978144,36932129.283003174,559737.1831003469,3.4410000064526405,0.0,0.0,3018380334.765701,-4928.615396499634,3018385263.3810973
2021-04-30,-3598.337997655165,2892801732.498273,35734529.21361858,-2365445.138269611,-4.719749993547363,0.0,0.0,2926167213.515875,-6132.521806716919,2926173346.0376816
2021-05-07,-2164.3770541933277,2698273903.832776,35902477.31699425,-4304465.508546474,-0.6044999935473611,0.0,0.0,2729869750.65967,-3518.510703086853,2729873269.170373
2021-05-14,-3331.4783733243034,2740347641.723801,37244990.71561899,-2634848.3440227644,-1.4647499935473638,0.0,0.0,2774954451.152274,-5383.9519329071045,2774959835.104207
2021-05-21,-3620.9918709058584,2442223001.7017717,32357330.9766637,-5335215.352457169,2.3715000064526386,0.0,0.0,2469241498.7056074,-6388.3116064071655,2469247887.017214
2021-05-28,-3201.7844409523113,2387022609.112545,28383695.47141687,-6523401.1005659755,7.068000006452641,0.0,0.0,2408879708.766955,-5728.144227981567,2408885436.911183
2021-06-04,-2583.899750609167,2020565836.654839,22345224.681896545,-8381701.653653141,-3.5339999935473654,0.0,0.0,2034526772.2493317,-4645.32190990448,2034531417.5712416
2021-06-11,-3726.394675967839,2410319809.358247,26111843.70404572,-5782340.997805925,-0.9067499935473692,0.0,0.0,2430645584.7630606,-6415.260274887085,2430652000.0233355
2021-06-18,-2526.9713942318444,2096087421.1224232,24315620.80565666,-283192.68118457706,-1.6739999935473628,0.0,0.0,2120117320.601501,-4507.985456466675,2120121828.5869575
2021-06-25,-3420.823036671141,2497473278.7359366,26491360.361638587,327564.91878817626,-11.252999993547364,0.0,0.0,2524288771.9403267,-6069.531921386719,2524294841.472248
2021-07-02,1464.4223313410703,2287036561.8595037,26232097.68488394,944372.942913627,66122968.61250004,0.0,0.0,2380337465.522133,1849.9095439910889,2380335615.612589
2021-07-09,-2343.674794312656,2222659477.476391,25898991.93440618,112843.45567862112,4.6500000043503675,0.0,0.0,2248668973.8416815,-4168.452713012695,2248673142.2943945
2021-07-16,-2040.3771517278842,2074763487.4378114,24223843.09606623,561561.2756218296,-5.579999995649636,0.0,0.0,2099546845.8523479,-3632.3993854522705,2099550478.2517333
2021-07-23,-1760.3333595455329,2239522641.661701,21579534.99392561,5760891.510642034,-6.2774999956496345,0.0,0.0,2266861301.555409,-2977.911672592163,2266864279.4670815
2021-07-30,-1655.8446468949076,2215239946.4466376,21092357.448193423,8398573.270844102,-7.021499995649632,0.0,0.0,2244729214.299528,-2750.2028007507324,2244731964.502329
2021-08-06,-2840.3861171754643,2018846043.6056504,20055986.457769252,13931981.544440195,0.8370000043503665,0.0,0.0,2052831172.0587425,-4828.336252212524,2052836000.3949947
2021-08-13,-990.513768415686,2036210932.402143,19849377.577842873,9489582.209440868,0.651000004350367,0.0,0.0,2065548902.3266585,-1687.4695873260498,2065550589.7962458
2021-08-20,-1207.587934920708,1858960024.7784724,19495201.665392317,8657725.82704012,-3.9059999956496334,0.0,0.0,1887111740.7769701,-1909.1674480438232,1887113649.9444182
2021-08-27,-1041.5548901835245,1902243942.662723,19016212.659355335,7948188.9247959135,-1.4879999956496364,0.0,0.0,1929207301.2039843,-1895.0431575775146,1929209196.2471418
2021-09-03,-1407.3104913305128,2136121014.2989578,19306606.429619085,5061836.302670892,5.440500004350369,0.0,0.0,2160488055.1612563,-2546.0438051223755,2160490601.2050614
2021-09-10,-1850.0885362355245,2210012967.868067,20107629.830433343,7867875.9557520645,10.113750004350374,0.0,0.0,2237986633.679466,-3322.0712852478027,2237989955.750751
2021-09-17,-2901.3326170961222,2086159101.3552787,20131024.866712205,9797125.598882586,1.348500004350366,0.0,0.0,2116084351.8367565,-5107.346829414368,2116089459.183586
2021-09-24,-3313.8638927610705,2302073825.5929437,23007342.004291475,4477123.161524339,-5.5195499956496406,0.0,0.0,2329554971.375317,-5679.180815696716,2329560650.556133
2021-10-01,-1288.469521961989,1942159908.5218444,20485111.456982575,5935327.4306896385,65541717.12450004,0.0,0.0,2034120776.0644946,-2269.7685232162476,2034123045.8330178
2021-10-08,-1075.986406079707,1663604635.067187,17786308.818300463,6290088.229490897,-1.325249993416388,0.0,0.0,1687679954.8033226,-1848.5942754745483,1687681803.397598
2021-10-15,-3473.356996541574,1882067165.6216378,18015740.437236473,3851423.6936397776,-24.179999993416395,0.0,0.0,1903930832.2155175,-5722.318852424622,1903936554.53437
2021-10-22,-3463.239371543688,1986965844.7624648,17190828.37517021,2141584.254126773,-36.330449993416394,0.0,0.0,2006294757.8219402,-5978.9616413116455,2006300736.7835815
2021-10-29,-2680.954294392448,2439687942.1454797,19464130.23905485,958796.0184059378,-50.68499999341639,0.0,0.0,2460108136.763646,-4590.441593170166,2460112727.2052393
2021-11-05,-3328.4360927728867,2079940600.655775,16578120.18480393,3211262.517824793,15.484500006583623,0.0,0.0,2099726670.406811,-5973.6979122161865,2099732644.1047232
2021-11-12,-2116.807999359661,1842059153.3097415,14607228.000580069,-2655932.0833069836,-48.359999993416395,0.0,0.0,1854008284.0590153,-3783.510178565979,1854012067.5691938
2021-11-19,-2107.2748780535135,1719352564.3820524,12842714.406143453,-2819209.058879813,-65.5417499934164,0.0,0.0,1729373896.912688,-3659.9848461151123,1729377556.8975341
2021-11-26,-2364.4600248327365,1374109839.2514148,9262477.821372205,-4114263.1722104773,-57.055499993416404,0.0,0.0,1379255632.3850517,-4052.924153327942,1379259685.309205
2021-12-03,-429.37670068184553,1158498903.07514,8686082.741352435,-689603.6258783761,34.758750006583654,0.0,0.0,1166494987.5726633,-792.1604108810425,1166495779.7330742
2021-12-10,-4296.56567206466,1352764833.3339245,9728505.874751953,-985864.0579801952,-7.128449993416379,0.0,0.0,1361503171.4565742,-7557.910457611084,1361510729.3670318
2021-12-17,-1883.3509138971895,1072760590.2092654,9319876.602433596,403282.62116075715,-128.59574999341646,0.0,0.0,1082481737.4861958,-2972.9312238693237,1082484710.4174197
2021-12-24,-3080.0778867817294,1132732234.5237803,9849244.992417237,-898211.7158627908,-145.77749999341648,0.0,0.0,1141680041.9449482,-5164.390495300293,1141685206.3354435
2021-12-31,-3600.4184034875257,1139916949.132724,9484654.924154837,-1990189.446663944,-156.4957499934165,0.0,0.0,1147407657.6960616,-6026.889220237732,1147413684.5852818
2022-01-07,-1277564549.4180121,795619925.096404,7890429.673122846,-3877339.4157804362,-137035139.02050006,0.0,0.0,-614966673.0847659,-2341427873.168231,1726461200.083465
2022-01-14,-3360.0226704952497,866884346.8398635,7756506.088091851,-4447019.372457508,127816639.71000011,0.0,0.0,998007113.2428275,-5421.517609596252,998012534.7604371
2022-01-21,-3468.99057178058,388639532.17441314,6202740.895718895,-3497836.565593162,127816613.08875008,0.0,0.0,519157580.6027171,-6279.856137275696,519163860.4588544
2022-01-28,-3379.64456422258,546479944.0509815,4490382.531578461,-1916778.808303693,127816544.8500001,0.0,0.0,676866712.9796921,-6148.423064231873,676872861.4027563
2022-02-04,-3004.0603928142837,407151361.5225773,932760.6719608812,-5697783.541557543,80744933.92800006,0.0,0.0,483128268.5205879,-5310.952907562256,483133579.4734955
2022-02-11,-1514570273.3332937,275455761.10319346,-867346.2555161312,-7928917.560290216,-100739822.37450004,0.0,0.0,-1348650598.4204063,-2844732015.449703,1496081417.0292969
2022-02-18,-3862.5995568056564,202790618.57298234,-1437243.0483495616,-12071961.394290568,129929850.36825009,0.0,0.0,319207401.8990355,-6899.776358604431,319214301.6753941
2022-02-25,-206972114.84854674,395808921.0534225,-883643.7913406396,-13250842.345881749,81184366.74000004,0.0,0.0,255886686.8076534,-564546980.1554508,820433666.9631042
2022-03-04,-2344.9526461041537,315070559.638552,-1229250.2293335267,-16831061.40956706,81712134.06750005,0.0,0.0,378720037.1145054,-4186.331617355347,378724223.44612277
2022-03-11,-1542631257.2846453,52641440.77561834,-3988386.5580972405,-18396351.101565886,-101109505.3027501,0.0,0.0,-1613484059.47144,-2918198651.7302957,1304714592.2588556
2022-03-18,-562873386.211963,385204855.65315163,-2225129.5068446193,-15572530.839369824,64500156.138,0.0,0.0,-130966034.76702587,-632206413.9972982,501240379.23027235
2022-03-25,-792120089.9160515,496217227.54720694,-3621622.2040557144,-18594328.026604556,50247904.650000006,0.0,0.0,-267870907.94950482,-1406165491.6596508,1138294583.710146
2022-04-01,-2868.2583795561477,457881183.4310324,-3321746.1825204366,-17036973.325365704,128181726.55500005,0.0,0.0,565701322.2197667,-5194.2962284088135,565706516.5159951
2022-04-08,-1044240564.122131,230347420.03603232,-5605423.445790241,-18419782.33687626,-101174688.37500009,0.0,0.0,-939093038.2437654,-1883200174.3131876,944107136.0694222
2022-04-15,-1004891851.6152192,91249646.01559353,-6825032.357015977,-18950259.00313783,-86954977.40100008,0.0,0.0,-1026372474.3607795,-1805756310.1518269,779383835.7910473
2022-04-22,-1032605247.2971594,-71760768.3876439,-7936972.49806248,-18889680.80709312,-99347153.88450007,0.0,0.0,-1230539822.8744588,-1855675420.645997,625135597.7715383
2022-04-29,-1070418914.2018644,-201697737.86859256,-10502019.584230825,-18425335.661176093,-105229367.07975009,0.0,0.0,-1406273374.3956141,-1926652721.4150982,520379347.01948404
2022-05-06,-1103663268.2025166,-318096214.27308464,-13821694.544315804,-15201950.238954378,-105066608.1285001,0.0,0.0,-1555849735.3873715,-1990479184.333396,434629448.9460244
2022-05-13,-1087982112.1649969,-322842051.0965495,-14285005.289420445,-9655800.286482738,-103555390.0740001,0.0,0.0,-1538320358.9114497,-1963096182.3814278,424775823.4699781
2022-05-20,-1050633441.9787222,-368099251.1667632,-15118299.555660516,-9202547.973686256,-106391816.37150007,0.0,0.0,-1549445357.0463321,-1891958213.6229916,342512856.57665944
2022-05-27,-1114787384.3579574,-211441929.14373353,-12367663.007477272,-8237918.259454009,-105129330.4905001,0.0,0.0,-1451964225.2591224,-2017247708.5782156,565283483.3190932
2022-06-03,-1104.8607936708333,-300723839.31626314,-13233232.543931454,-9989867.800748441,14.368499953862454,0.0,0.0,-323948030.1532368,-1978.4035024642944,-323946051.74973434
2022-06-10,-1513786083.152003,-521251285.3154465,-17537993.13712908,-14442827.839132275,-86648076.88950007,0.0,0.0,-2153666266.333211,-2844288239.0299816,690621972.6967707
2022-06-17,-1364362473.9847465,-662252330.0232136,-22822696.254011475,-18617538.964235336,-95538882.8415001,0.0,0.0,-2163593922.067707,-2525243329.9144883,361649407.84678125
2022-06-24,-1313811298.2691977,-598968561.1323873,-23002862.209585223,-16518833.18662806,-139994792.73600012,0.0,0.0,-2092296347.5337985,-2416285101.23746,323988753.7036617
2022-07-01,-3151.1961752197617,-721231555.1846839,-26552864.204981714,-14102523.592848059,198.88049998388337,0.0,0.0,-761889895.2981889,-4897.707465171814,-761884997.5907238
2022-07-08,-1284199924.4740856,-689128641.6793475,-24788733.68250975,-10151247.741643894,-142143123.1935001,0.0,0.0,-2150411670.7710867,-2353785262.456341,203373591.6852541
2022-07-15,-1216889158.3109398,-696646988.5006083,-24256105.239288725,-7829264.280721815,-148195025.30475006,0.0,0.0,-2093816541.636309,-2217136043.6916103,123319502.05530143
2022-07-22,-1161833626.6641142,-656200298.6977525,-20113750.56900855,-9397093.287289886,-92883734.1900001,0.0,0.0,-1940428503.4081652,-2107385022.6482267,166956519.24006152
2022-07-29,-1064392399.6427563,-510917982.7488687,-17828245.08015937,-9627336.220713047,-141838492.44000012,0.0,0.0,-1744604456.1324975,-1919044395.5689821,174439939.43648458
2022-08-05,-894285589.3757303,-514282040.19673496,-16618188.72383548,-13480188.953404227,-86624841.6300001,0.0,0.0,-1525290848.879705,-1596947525.690239,71656676.810534
2022-08-12,-1319388137.5072381,-384982119.1931732,-14913894.643281996,-13852780.51969162,-95366833.26000008,0.0,0.0,-1828503765.123385,-2420249328.028448,591745562.9050632
2022-08-19,-1213813910.2266235,-392257555.73109466,-16789725.777272344,-12138625.089312952,-95834159.19000009,0.0,0.0,-1730833976.0143037,-2214154939.279359,483320963.2650552
2022-08-26,-1306136299.5371375,-628621794.1590754,-19129798.644849285,-9863555.744189609,-91186486.05000007,0.0,0.0,-2054937934.1352515,-2404116303.272189,349178369.1369376
2022-09-02,-3267.766411408802,-817793726.610678,-22891719.192380384,-8452106.37982225,85792092.2415,0.0,0.0,-763348727.707792,-5791.792223930359,-763342935.9155681
2022-09-09,-1383234957.7019606,-616379781.5052152,-21560135.576873146,-11965684.188050374,-81981810.81750007,0.0,0.0,-2115122369.7895992,-2561042802.0000196,445920432.21042037
2022-09-16,-1349079065.7675107,-780808344.7034268,-24397565.30257511,-11820367.764806218,-86124959.1900001,0.0,0.0,-2252230302.728319,-2487342361.1184826,235112058.39016342
2022-09-23,-1418686664.4312623,-968384959.3443028,-26974127.765036784,-10666280.695558257,-84895030.01895002,0.0,0.0,-2509607062.25511,-2632486060.071833,122878997.81672335
2022-09-30,-1517939396.3884287,-975969842.7675408,-29198334.32250086,-11925116.176257582,-83990604.21450008,0.0,0.0,-2619023293.869228,-2851344121.0674324,232320827.19820452
2022-10-07,-1277514226.3709986,-929979749.7531592,-26972441.2705293,-14071038.387472933,-130408830.17475009,0.0,0.0,-2378946285.95691,-2343689212.313651,-35257073.64325905
2022-10-14,-1598927246.4068499,-1069443798.6624832,-28966362.7384663,-10618423.590632543,-94813455.36000009,0.0,0.0,-2802769286.758432,-3054877335.1355968,252108048.37716484
2022-10-21,-1585208808.1542308,-961310389.0526633,-28559338.66808717,-9963233.97091165,-92888341.81455009,0.0,0.0,-2677930111.6604424,-3020644704.6604424,342714593.0
2022-10-28,-1505038199.670538,-860808182.7242748,-24784963.559794173,-7772930.097209656,-100086529.7850001,0.0,0.0,-2498490805.8368163,-2828127833.4097247,329637027.5729084
2022-11-04,-946259816.0457715,-1025216024.9045022,-26419676.443105463,-9394457.367108846,-86861979.63300008,0.0,0.0,-2094151954.393488,-1694455212.0743217,-399696742.3191662
2022-11-11,-1486872019.2316942,-791054513.9985949,-23106288.934984468,-9573392.636567611,-90686553.39000006,0.0,0.0,-2401292768.191841,-2787963668.561372,386670900.3695307
2022-11-18,-1438561877.6384547,-818948401.825017,-22201911.736117177,-9384907.316619527,-98198617.23000006,0.0,0.0,-2387295715.746208,-2677934216.997398,290638501.2511897
2022-11-25,-1381022102.6078327,-675962043.0702249,-18183197.95045867,-12748147.214193098,-96547873.92600004,0.0,0.0,-2184463364.7687097,-2553447347.907265,368983983.1385555
2022-12-02,-1253.168448662029,-540033835.930078,-17786705.09093716,-14243172.733230181,130250928.10200004,0.0,0.0,-441814038.820694,-2228.4113931655884,-441811810.40930086
2022-12-09,-1353506335.543995,-792785531.7126977,-19155460.74849908,-14278484.839887591,-81691169.62155005,0.0,0.0,-2261416982.4666295,-2497529186.977275,236112204.5106454
2022-12-16,-1402828946.3955133,-810506069.9567627,-19857554.290798895,-13636903.7759057,-78915007.91925006,0.0,0.0,-2325744482.33823,-2599256289.672936,273511807.3347058
2022-12-23,-1498855149.492091,-914894106.2089552,-21137493.91517908,-12935910.376398183,-72818838.69150007,0.0,0.0,-2520641498.6841235,-2812773075.0009384,292131576.3168149
2022-12-30,-1544146033.7755065,-955873441.6160808,-22315233.588673428,-13176088.494179625,-75415851.76425004,0.0,0.0,-2610926649.2386904,-2921739949.5899196,310813300.3512292
2023-01-06,-453166898.7813503,-805119608.2481523,-18613477.62472433,-15252493.54121602,82037281.78350002,0.0,0.0,-1210115196.4119432,-808079822.0520315,-402035374.3599117
2023-01-13,-1409462343.1785996,-664517595.0256764,-15887398.523824546,-15942023.683244955,-200770472.50500014,0.0,0.0,-2306579832.9163456,-2613161318.3553815,306581485.4390359
2023-01-20,-1416760161.633437,-445788354.91213906,-14824369.748669554,-15668326.519413453,-200165950.06875014,0.0,0.0,-2093207162.8824093,-2632037805.792102,538830642.9096925
2023-01-27,-1453957972.5970697,-299127875.0487213,-12238440.218694767,-17723896.665944003,-198752285.08500013,0.0,0.0,-1981800469.6154299,-2714480992.4520407,732680522.8366108
2023-02-03,-1596682159.5275376,-290060805.0772891,-8477119.818545878,-11839225.267918965,-152815275.0000001,0.0,0.0,-2059874584.6912916,-3058115964.021936,998241379.3306444
2023-02-10,-427284435.3341706,-359379785.2446894,-8987228.378656644,-9979806.890483897,39648225.00000001,0.0,0.0,-765983030.8480005,-760045933.9652967,-5937096.882703781
2023-02-17,-1499723717.392222,-296461645.006708,-9814027.67970248,-6748114.085623749,-205948037.79000017,0.0,0.0,-2018695541.9542565,-2819689795.257929,800994253.3036723
2023-02-24,-1410897213.7377527,-429032831.05744594,-9980540.128441386,-6141488.1030216925,-159304350.00000015,0.0,0.0,-2015356423.0266619,-2513895272.1097164,498538849.08305454
2023-03-03,-1580080886.0757804,-240133125.18445614,-9223725.609456398,-5230244.587873173,-153931275.00000012,0.0,0.0,-1988599256.4575663,-3016559819.2464824,1027960562.7889161
2023-03-10,-400107761.040885,-374991855.92534655,-7645642.074853344,-2131490.2872976596,39376200.00000004,0.0,0.0,-745500549.3283825,-703589002.7174282,-41911546.610954285
2023-03-17,-1074910704.4056072,-609891080.5315665,-10110871.790399762,-8184796.240142496,-112962450.00000007,0.0,0.0,-1816059902.9677162,-2077268070.8647385,261208167.89702225
2023-03-24,-954451479.1231495,-614063686.7814369,-9220533.116679408,-5787937.493889267,-96585150.00000007,0.0,0.0,-1680108786.515155,-1720454182.568369,40345396.053213835
2023-03-31,-1503759339.1233032,-490934166.87338376,-7869671.912328337,-7391864.216686534,-181294016.37150007,0.0,0.0,-2191249058.497202,-2830178287.7998543,638929229.3026524
2023-04-07,-791338592.4194112,-423215087.8410777,-6035427.472646255,-6726371.87367862,40603800.00000004,0.0,0.0,-1186711679.606814,-1413341288.1831322,226629608.57631826
2023-04-14,-844919564.269339,-305126726.679438,-4151560.5780022712,-4824365.241974,37018639.770000026,0.0,0.0,-1122003576.9987533,-1513512615.91613,391509038.91737676
2023-04-21,-856958229.4121276,-176783129.95778918,-3194379.9164265622,-4688473.7828814,50661665.509500034,0.0,0.0,-990962547.5597247,-1538795151.8579674,547832604.2982427
2023-04-28,-755417887.3613865,-17202773.574379135,-236600.84945266135,-5182358.20579727,58264378.635000035,0.0,0.0,-719775241.3560156,-1353024720.7176723,633249479.3616568
2023-05-05,-718860058.4777176,29658911.575429928,2728885.764497033,-6111197.412967582,60380116.96350003,0.0,0.0,-632203341.5872582,-1286426797.3476477,654223455.7603894
2023-05-12,-641241684.954921,128787198.27478851,3828294.683828056,-10376087.304064248,39397022.35125004,0.0,0.0,-479605256.9491187,-1142384077.7366886,662778820.78757
2023-05-19,-847952625.9397339,280608088.6505609,4734830.208127089,-8466686.610597234,58746993.02100003,0.0,0.0,-512329400.670643,-1519492775.3628225,1007163374.6921796
2023-05-26,-800579524.9625651,8160232.786325307,460118.58468975173,-7159710.984748405,48473734.21050002,0.0,0.0,-750645150.3657984,-1434013104.961008,683367954.5952097
2023-06-02,-1469045274.0771685,144779412.60145903,2512456.671329121,-5231175.991928636,-79091856.69600007,0.0,0.0,-1406076437.492309,-2749509946.4480853,1343433508.9557762
2023-06-09,-216760003.25925907,413094720.7017278,7307065.469512083,-2072810.746706637,20043825.00000002,0.0,0.0,221612797.1652742,-381334723.9118242,602947521.0770984
2023-06-16,-357626233.2503366,841210465.095008,14458873.480555132,-2831193.302055742,36981450.00000003,0.0,0.0,532193362.0231708,-627902970.649066,1160096332.672237
2023-06-23,-378442836.007385,459021617.9380801,12902183.916976798,-2468883.946273728,85175961.10350005,0.0,0.0,176188043.0048982,-671664066.8530779,847852109.8579761
2023-06-30,-1506524742.7570364,694437687.364774,17488759.827101566,-5248193.282825336,-59871254.58300002,0.0,0.0,-859717743.4309863,-2840901966.3514996,1981184222.9205132
2023-07-07,-578768284.3638335,513257640.24989325,14210838.904883081,-8348013.206323594,82806812.84100004,0.0,0.0,23158994.425619222,-1032579165.8462877,1055738160.271907
2023-07-14,-620456011.1934198,754479478.9005998,16040765.433393594,-10509758.072031163,92020716.57975005,0.0,0.0,231575191.64829248,-1103954047.4786777,1335529239.1269703
2023-07-21,-671809590.1832324,599031616.045845,11158365.715993477,-10558753.372287486,34340250.00000001,0.0,0.0,-37838111.79368139,-1200078081.366435,1162239969.5727537
2023-07-28,-818345519.3470534,454335672.9682511,8800353.510014601,-9862161.872357676,79228579.99500005,0.0,0.0,-285843074.7461453,-1461691530.9776773,1175848456.231532
2023-08-04,-992263595.5479497,300127888.4553761,6851934.9036679715,-8622341.417237788,9374398.605000036,0.0,0.0,-684531715.0011435,-1789494254.3306284,1104962539.329485
2023-08-11,-541923001.3468947,96584591.88096404,5687711.84381638,-6361475.291647048,34503000.00000003,0.0,0.0,-411509172.9137614,-961979393.4956179,550470220.5818565
2023-08-18,-719006729.8514785,56749706.926238686,6899423.398164621,-6457794.312642656,34070550.000000015,0.0,0.0,-627744843.8397179,-1278318255.894373,650573412.0546551
2023-08-25,-547811596.5875735,231726152.45944014,9402266.790523566,-7336675.6511646025,23205825.000000004,0.0,0.0,-290814027.9887744,-964695432.5050039,673881404.5162295
2023-09-01,-1452940217.997631,556152493.6864387,14628757.86206826,-8523159.759496178,-159234178.75650012,0.0,0.0,-1049916304.9651204,-2709403486.5418983,1659487181.576778
2023-09-08,-381638373.36145794,293083734.3190281,12688047.427550517,-6777895.290639615,19764825.00000003,0.0,0.0,-62879661.90551892,-673983506.1751089,611103844.26959
2023-09-15,-537092692.4853908,544035077.0815171,16473119.861767411,-8911289.626491128,24898425.000000037,0.0,0.0,39402639.83140264,-952332175.3297567,991734815.1611594
2023-09-22,-475737456.78385746,646625348.6943356,19135895.094297975,-9597760.567974305,23642925.000000022,0.0,0.0,204068951.43680182,-839738403.7270956,1043807355.1638974
2023-09-29,-371171736.81419146,753665831.6610968,22056248.987609677,-4283966.687229175,24128850.000000007,0.0,0.0,424395227.1472859,-657186411.715601,1081581638.862887
2023-10-06,-475993446.43935806,644328935.4461056,17744416.751930356,-1200123.6769174866,88135697.31000002,0.0,0.0,273015479.3917604,-842591969.6833382,1115607449.0750985
2023-10-13,-121947599.1122425,731734602.8899955,21189953.102287494,-7455769.552156174,35770125.00000003,0.0,0.0,659291312.3278843,-205903444.7827263,865194757.1106106
2023-10-20,-266198679.76065293,370267191.1156873,18653392.510668702,-9383864.884806463,34413720.00000003,0.0,0.0,147751758.98089665,-467716989.421957,615468748.4028537
2023-10-27,-421810099.7192837,85509431.79795527,14676826.610223636,-12204425.991227927,39427350.00000002,0.0,0.0,-294400917.3023327,-740076028.4798727,445675111.17754
2023-11-03,-719620820.4363096,467868027.8985281,20038743.920417517,-8512722.000573331,12548013.00299998,0.0,0.0,-227678757.6149373,-1284325185.6236544,1056646428.0087171
2023-11-10,-353807761.00427026,177121413.67138025,15975091.63941451,-3298532.594218116,32050125.000000026,0.0,0.0,-131959663.28769356,-625976979.0399866,494017315.75229305
2023-11-17,-331182183.953822,373424570.57679415,16803308.325016543,-5612139.345552933,38827500.00000001,0.0,0.0,92261055.60243574,-584996369.1051493,677257424.707585
2023-11-24,-449783237.2076266,359875892.88007766,15296485.345843527,-6714359.39610518,36858225.00000002,0.0,0.0,-44466993.37781056,-794967540.2855282,750500546.9077176
2023-12-01,-1404734564.3035145,350223020.93578225,16482600.411305808,-7628171.916997515,-204334714.0357501,0.0,0.0,-1249991828.9091742,-2604190144.334542,1354198315.4253676
2023-12-08,-441835545.211279,539299398.5070758,18107661.49094225,-3225341.8565840535,26442225.0,0.0,0.0,138788397.930155,-779456380.0345411,918244777.9646962
2023-12-15,2921681.820175112,843931726.5787004,22392536.27318579,-1509965.1452915077,14907899.999999981,0.0,0.0,882643879.5267699,11271234.846904755,871372644.6798651
2023-12-22,231494107.305955,944358272.7496969,24485412.38949033,-2072554.1070014494,13052550.000000024,0.0,0.0,1211317788.3381407,414486807.0166378,796830981.3215029
2023-12-29,309404773.07888347,984206455.212607,26221463.050884686,-294297.8179675564,14935800.000000006,0.0,0.0,1334474193.5244076,552015263.0511189,782458930.4732888
2024-01-05,122957744.68596943,756625788.9863371,20731010.39124675,258597.4866495293,-16867875.000000034,0.0,0.0,883705266.5502028,190446535.02943325,693258731.5207696
2024-01-12,91188070.15330206,613922774.459325,19660939.01550083,1351068.9659691227,-1288050.000000014,0.0,0.0,724834802.5940969,161904757.20242214,562930045.3916748
2024-01-19,-107594295.21133107,664198509.1552432,18692176.481485672,1752821.1505143878,15472874.999999994,0.0,0.0,592522086.5759121,-188538482.1459303,781060568.7218424
2024-01-26,-34589330.71628909,573367249.9850352,19355027.75906547,2916757.066357501,11318100.0,0.0,0.0,572367804.0941691,-57245894.44655037,629613698.5407195
2024-02-02,389310029.1128105,500534172.75697356,17262467.15023233,-1506226.8002673911,11266950.000000011,0.0,0.0,916867392.2197491,695091021.3982887,221776370.82146037
2024-02-09,699393857.8352774,658730061.3148314,19283825.30320099,-601641.6783039714,5456774.999999992,0.0,0.0,1382262877.7750058,1249641728.2159414,132621149.55906439
2024-02-16,57047398.68541397,649827629.1735166,20615207.690304182,-13750.413007718278,13096725.000000037,0.0,0.0,740573210.136227,100436128.49252033,640137081.6437067
2024-02-23,215064732.4409256,846661615.0795873,22227286.54213781,-1822029.0832364075,13412925.0,0.0,0.0,1095544529.9794142,379874689.0435486,715669840.9358656
2024-03-01,448763329.4536686,827667361.0672617,21815092.22417027,-1582068.267887788,8760600.000000022,0.0,0.0,1305424314.4772127,798286980.3115902,507137334.1656225
2024-03-08,577091167.2295216,1062487616.3325927,24027822.75059658,-4725048.736374754,-6282150.000000027,0.0,0.0,1652599407.576336,1031007257.2892475,621592150.2870884
2024-03-15,16331674.038020762,985677443.9630321,25515882.19277706,-1639369.9623064026,-16335450.000000017,0.0,0.0,1009550180.2315235,31664414.629504204,977885765.6020193
2024-03-22,94026389.45114715,1022686751.3853246,25230775.506466627,-1234275.3906308431,-16772550.000000004,0.0,0.0,1123937090.9523075,172970545.00810623,950966545.9442012
2024-03-29,203174953.1677234,859738327.508173,22742612.97619668,-3494356.01400836,-13061850.000000034,0.0,0.0,1069099687.6380849,364042420.2299061,705057267.4081788
2024-04-05,212760026.5490171,815484645.0957614,21969411.636713337,-7056460.6568196025,-4331475.00000001,0.0,0.0,1038826147.6246723,381762268.12575626,657063879.498916
2024-04-12,663248452.2164447,666021210.9721122,20220539.565066375,-7830598.029295543,-36474600.00000004,0.0,0.0,1305185004.7243278,1185853132.5098572,119331872.21447062
2024-04-19,188284278.49109733,526953824.49336374,19639700.41896707,-10645968.194958594,-22782675.000000015,0.0,0.0,701449160.2084695,339279380.84386444,362169779.36460507
2024-04-26,57076427.439308204,627646521.9471334,19776668.14777292,-8784967.684218267,-25035600.000000015,0.0,0.0,670679049.8499962,102753454.98993683,567925594.8600594
2024-05-03,248194775.39411643,714213868.9943848,21394621.791342527,-5436945.354818305,-17397975.00000002,0.0,0.0,960968345.8250253,443266221.4353895,517702124.3896358
2024-05-10,194615425.45818412,824538880.2111238,21482863.81943021,-8733543.363967448,13734239.999999994,0.0,0.0,1045637866.1247708,347726645.4821882,697911220.6425825
2024-05-17,204643973.3323902,825618284.4734895,22357371.991513725,-10551578.692463294,-21523920.00000002,0.0,0.0,1020544131.1049302,365458101.03174114,655086030.073189
2024-05-24,235179509.1377296,773231320.8426797,22976455.604993954,-8869733.128692087,-13919774.99999999,0.0,0.0,1008597777.4567113,421540597.6035509,587057179.8531604
2024-05-31,-96733405.0673516,621986181.2709337,21124052.71434041,-9663998.522657076,9751050.000000045,0.0,0.0,546463880.3952656,-169202260.3792696,715666140.7745352
2024-06-07,303990354.8899378,611336849.1119249,21002409.952506617,-7934907.521390428,378974.99999999197,0.0,0.0,928773681.432979,540884575.5835552,387889105.84942377
2024-06-14,221337175.2410831,508209892.51533055,20347357.86569605,-8572108.47987082,-10030050.000000002,0.0,0.0,731292267.142239,391404461.9495497,339887805.1926893
2024-06-21,94855807.80699429,642392263.956882,22228021.357299834,-9907653.609553259,-15289200.000000006,0.0,0.0,734279239.5116229,169535230.15008163,564744009.3615413
2024-06-28,30659037.254096244,532504859.81124467,21531871.14927422,-10228330.34695705,-10588050.00000001,0.0,0.0,563879387.867658,59217796.39929962,504661591.4683584
2024-07-05,321214734.38785946,682947310.4189671,23072152.886680007,-11775435.298400562,-11372969.999999998,0.0,0.0,1004085792.3951061,576473794.8361559,427611997.5589502
2024-07-12,450763284.9493682,619240643.5575339,21793591.772044145,-11836154.238452207,-21901500.00000002,0.0,0.0,1058059866.040494,803384170.8838701,254675695.15662384
2024-07-19,160332500.33368322,523983311.9066872,22009005.47702021,-10414051.66973091,-5872949.999999971,0.0,0.0,690037816.0476598,288701833.685874,401335982.36178577
2024-07-26,228647088.6904095,467008993.22322387,21866158.624059036,-9427358.176029826,-2301750.000000012,0.0,0.0,705793132.3616626,403814280.4344549,301978851.9272077
2024-08-02,178005558.19121453,396051113.46958184,22423618.99797853,-8939169.375018908,18227999.99999998,0.0,0.0,605769121.283756,313626669.1044302,292142452.1793258
2024-08-09,404889882.6031473,417874363.0775123,22257993.89140798,-9494250.00599806,4856924.999999989,0.0,0.0,840384914.5660696,727594908.0781727,112790006.48789692
2024-08-16,505591280.11139375,746255635.2685786,24885370.761800937,-12666224.012738101,2215725.000000007,0.0,0.0,1266281787.1290355,902007858.419076,364273928.7099595
2024-08-23,452337699.8318957,833610503.3981856,25471288.180323556,-11121898.192842573,13168800.000000011,0.0,0.0,1313466393.2175624,805450591.2180271,508015801.9995353
2024-08-30,60526287.674331196,702820704.9020672,24692384.377646383,-9912802.8713882,18583724.999999996,0.0,0.0,796710299.0826565,115978828.9122734,680731470.1703831
2024-09-06,214467553.84989434,541651503.8940862,25118417.609602995,-8740596.963243857,-7263300.000000007,0.0,0.0,765233578.3903399,379502622.84989166,385730955.5404482
2024-09-13,562509357.7077526,736979510.8513799,25005043.36756634,-10667409.955115525,13366425.000000015,0.0,0.0,1327192926.9715834,1007178242.2176981,320014684.75388527
2024-09-20,580507208.2525502,979921430.3743578,27464958.07681378,-11981111.893321177,14926499.999999996,0.0,0.0,1590838984.8104005,1038714520.2009678,552124464.6094327
2024-09-27,743386741.3291764,1094619472.965206,28702453.966582995,-14407187.363635289,10539225.000000026,0.0,0.0,1862840705.89733,1335257247.5749817,527583458.32234836
2024-10-04,182276850.58472773,1112131860.8527021,30803615.215927586,-15969124.54589726,-30922500.000000026,0.0,0.0,1278320702.1074603,327646845.8193636,950673856.2880967
2024-10-11,601130892.4027749,1170271764.9954605,29233014.469586886,-13550250.121674057,-4938299.99999999,0.0,0.0,1782147121.746148,1068710013.6377182,713437108.1084299
2024-10-18,828797929.2089764,1362452061.0300512,32766655.76947449,-11816870.35578201,-10849845.000000006,0.0,0.0,2201349930.65272,1486142080.3552046,715207850.2975154
2024-10-25,774266470.9513997,1404263257.588127,31436993.24557886,-13587769.576679345,-15131100.000000007,0.0,0.0,2181247852.208426,1383472762.5269003,797775089.6815257
2024-11-01,-68718979.44835907,1047149434.1554433,26856538.886297207,-15091260.310006924,20732025.000000026,0.0,0.0,1010927758.2833744,-121521157.70371532,1132448915.9870896
2024-11-08,430186202.4825712,1320538130.21475,28255934.08585768,-15736192.176704967,-5198700.0000000065,0.0,0.0,1758045374.606474,767343407.8131123,990701966.7933617
2024-11-15,656174330.7509983,984876229.8681455,26199371.47252014,-11909436.779217854,-27225749.999999993,0.0,0.0,1628114745.3124459,1170898076.2610817,457216669.0513642
2024-11-22,667132923.3121772,1058869895.5570172,25505637.26267582,-15511139.058615927,-30724875.000000022,0.0,0.0,1705272442.0732543,1194397328.1823435,510875113.89091086
2024-11-29,276715489.1530423,1042762386.460265,23475734.86222329,-11113230.428915273,-13696575.000000041,0.0,0.0,1318143805.0466156,492195958.78738976,825947846.2592258
2024-12-06,209597273.13547835,1049968621.5313793,23432455.801168762,-14137043.27445365,-13385025.000000004,0.0,0.0,1255476282.1935728,370521131.90285873,884955150.290714
2024-12-13,181893083.13955346,803314639.52497,19702468.675199676,-16659097.42321655,-20101949.99999998,0.0,0.0,968149143.9165065,324708715.21437645,643440428.7021301
2024-12-20,139612076.49817896,589677608.7750763,17588131.235268183,-15503525.580110693,-26611950.000000007,0.0,0.0,704762340.9284128,249646964.16709328,455115376.7613195
2024-12-27,104309563.67099315,598760782.2861518,17141559.63667666,-15655710.153087525,-26065575.000000026,0.0,0.0,678490620.4407341,190262531.3779354,488228089.06279874
2025-01-03,254926912.6807117,705184839.8986418,19377759.687882625,-16196977.654315326,-13781205.000000006,0.0,0.0,949511329.6129209,493656834.7853422,455854494.82757866
2025-01-10,-400639780.8180462,563419786.7461427,16361792.717676314,-18810455.99691182,6137999.99999998,0.0,0.0,166469342.648861,-710695847.5805454,877165190.2294064
2025-01-17,163821033.02259758,731510329.913929,18335545.694915347,-18764576.885657884,-24330659.999999985,0.0,0.0,870571671.7457839,293551544.293664,577020127.45212
2025-01-24,154641574.3637224,752677391.6736507,17474440.699490074,-19918400.199838053,-19632300.00000001,0.0,0.0,885242706.5370252,274390271.7662916,610852434.7707336
2025-01-31,159010105.5631302,710978363.0680994,18223002.82937567,-20105522.471990082,-21710850.000000022,0.0,0.0,846395098.9886152,281952369.9565487,564442729.0320665
2025-02-07,-194159225.00511983,635976812.009621,18701318.02930645,-20517849.048975363,-31974330.000000022,0.0,0.0,408026725.98483235,-347524114.69170856,755550840.6765409
2025-02-14,213776480.12833995,696559826.6283563,19393961.278991364,-21614462.724888444,-24005625.00000003,0.0,0.0,884110180.3107991,381710284.6253185,502399895.6854806
2025-02-21,154587916.32575405,547703991.9270134,18769228.136892874,-22243032.218326304,-21183075.0,0.0,0.0,677635029.171334,274274293.06718445,403360736.1041496
2025-02-28,70933907.98045772,389935442.52552545,19334149.6822856,-17796948.127771396,-20739000.00000002,0.0,0.0,441667552.0604974,125318287.7808609,316349264.2796365
2025-03-07,-28908785.38123372,322051667.06746256,17120135.09736545,-18529991.744672988,-25100700.0,0.0,0.0,266632325.0389213,-54886509.96656132,321518835.0054826
2025-03-14,-149479199.82057896,262157308.33952427,15932927.980238294,-20985908.492153585,-15224100.000000006,0.0,0.0,92401028.00703001,-264302291.19851685,356703319.20554686
2025-03-21,-135017614.1489205,204097076.59828258,16761846.063325081,-21344770.857581303,-16121550.000000013,0.0,0.0,48374987.65510583,-243619944.9481001,291994932.6032059
2025-03-28,-175027522.6761221,88446854.01467928,15823847.03881614,-21114358.52817346,-15005084.999999996,0.0,0.0,-106876265.15080014,-314618856.0207329,207742590.86993274
2025-04-04,-28338114.37030215,-274185949.87062985,12790675.106192457,-13218925.342767848,-11325540.00000002,0.0,0.0,-314277854.47750735,-48741327.43317604,-265536527.0443313
2025-04-11,-591862023.9616249,-25118417.066712838,11873267.7984801,-17635499.493421834,18548850.000000026,0.0,0.0,-604193822.7232794,-1051171591.2630892,446977768.5398098
2025-04-18,80508824.64332895,82414783.07365024,15433224.341406548,-16827598.7969554,-15951824.99999999,0.0,0.0,145577408.26143035,138194952.1003132,7382456.161117166
2025-04-25,169176771.35077596,160777440.37363687,16981144.341381468,-17932514.789644334,-14480100.000000015,0.0,0.0,314522741.2761499,298705291.33277893,15817449.943370998
2025-05-02,198162410.3324987,235812820.3563227,15928994.328529302,-18808903.636225387,-24740325.000000022,0.0,0.0,406354996.38112533,352873830.2342787,53481166.14684665
2025-05-09,-340952656.7990136,142482044.01415765,16346891.887109902,-19063905.409180157,-20988240.00000001,0.0,0.0,-222175866.30692622,-604784336.276165,382608469.96923876
2025-05-16,46340146.51786984,263323694.86464655,17048368.282605782,-14476209.551139068,-25454099.999999978,0.0,0.0,286781900.1139831,78263471.6407423,208518428.4732408
2025-05-23,-13475361.156426208,189037377.54497296,16470932.403045079,-20286153.95607077,-26844450.00000003,0.0,0.0,144902344.835521,-25777531.454006195,170679876.2895272
2025-05-30,103439370.26860566,298858022.1781985,17733761.432265885,-18389027.559566785,-25958160.00000002,0.0,0.0,375683966.31950325,179972937.0214405,195711029.29806274
2025-06-06,-29328675.87783071,389899037.7693901,17504883.67424079,-20228778.299736768,-31022010.00000003,0.0,0.0,326824457.26606345,-55659333.74672794,382483791.0127914
2025-06-13,-81886120.49416654,360643772.90450114,17453678.147776455,-21903503.297798414,-25401090.000000007,0.0,0.0,248906737.26031268,-147980253.33686256,396886990.59717524
2025-06-20,-31396795.56299262,328865021.8490028,17263627.45286132,-20768220.921063844,-23846595.000000004,0.0,0.0,270117037.8178076,-57337371.259114265,327454409.0769219
2025-06-27,-23887778.00472923,508069557.51651067,18137550.6409197,-17622809.562543474,-17424015.00000003,0.0,0.0,467272505.5901576,-45382844.60204601,512655350.19220364
2025-07-04,-67489860.50522654,528614483.6929811,18131604.59838332,-16990357.70941336,-8046825.0,0.0,0.0,454219045.0767245,-118553432.30282688,572772477.3795514
2025-07-11,-420429789.52604914,445361773.6952125,16914366.925888456,-18740810.672793128,10978650.000000032,0.0,0.0,34084190.422258705,-746174558.0733957,780258748.4956545
2025-07-18,-150915293.48636603,576344450.2513874,16662118.099981144,-19608454.82800623,-28053450.000000015,0.0,0.0,394429370.03699625,-270670972.88295937,665100342.9199556
2025-07-25,-172237645.45756832,689362559.246845,16851830.350396052,-20416387.253873922,-26567775.0,0.0,0.0,486992581.8857988,-308033385.1177387,795025967.0035375
2025-08-01,153818151.6867007,683354342.94036,16907222.764327317,-21463292.591934714,-22364175.000000004,0.0,0.0,810252249.7994533,279184195.85641193,531068053.9430413
2025-08-08,-256101765.3653629,870830201.3685083,17227553.67173914,-23272211.208954774,-26818875.000000022,0.0,0.0,581864903.4659297,-455679688.9814081,1037544592.4473379
2025-08-15,-369374512.9726732,796982317.903898,16431478.243210128,-18980803.737705912,-21852675.000000004,0.0,0.0,403205804.4367291,-656049783.6986418,1059255588.1353709
2025-08-22,-329157457.8029562,734694213.8622879,15333052.116059484,-20479260.634874467,-25814475.000000004,0.0,0.0,374576072.5405167,-584954431.5148878,959530504.0554044
2025-08-29,-289185524.6409152,748053330.5335685,15181624.514274182,-22991488.87744223,-23761500.00000001,0.0,0.0,427296441.5294852,-516198041.71765137,943494483.2471366
2025-09-05,54301557.44553447,1036074678.8193916,15164148.808950938,-26950890.328652363,-23263950.00000005,0.0,0.0,1055325544.7452245,96079495.02096558,959246049.7242589
2025-09-12,-534908246.7258192,856037569.5224572,15071721.225916777,-25611527.78185,-15063675.000000037,0.0,0.0,295525841.24070483,-949200756.2431107,1244726597.4838154
2025-09-19,-337163249.9504381,863408851.6635925,14287838.923475323,-24476948.62853778,-22802205.000000026,0.0,0.0,493254287.0080919,-600581541.2202263,1093835828.2283182
2025-09-26,-387633591.1254575,750738513.0253216,13593682.832742514,-27188076.190484498,-22173525.000000004,0.0,0.0,327337003.54212207,-690678429.9387903,1018015433.4809124
2025-10-03,-91828061.77054092,874294473.7186232,14117498.556430083,-27315075.554337803,-1913474.999999995,0.0,0.0,767355359.9501745,-165351238.15514374,932706598.1053182
2025-10-10,-283592586.65724254,683475038.749568,12973338.86117164,-28746333.563368063,-1709804.9999999944,0.0,0.0,382399652.390129,-507019045.54480267,889418697.9349318
2025-10-17,-326660220.08931357,749485996.3395994,12629612.345472367,-30781898.906076312,5370750.000000019,0.0,0.0,410044239.6896819,-578676259.0883999,988720498.7780818
2025-10-24,-321699140.4758811,928724386.8135294,13651636.110188657,-28848255.91113767,12178350.000000022,0.0,0.0,604006976.5366992,-571157147.5601759,1175164124.0968752
2025-10-31,-204953642.05845442,957891788.6716506,13789443.868559124,-26000791.920013383,-14749800.000000011,0.0,0.0,725976998.561742,-360809872.61311054,1086786871.1748524
2025-11-07,-164267767.9540113,595383295.3740249,12190548.860641845,-27955638.084535282,-26539875.00000003,0.0,0.0,388810563.19612,-293703196.52179337,682513759.7179134
2025-11-14,-550728909.7906994,788682862.9395204,12386083.38551991,-32403934.19772993,19081274.999999993,0.0,0.0,237017377.33661097,-975285711.3389072,1212303088.6755183
2025-11-21,-557154568.4962126,575301330.9371489,12018268.225860527,-29177283.218347277,25616850.00000003,0.0,0.0,26604597.448449608,-987037075.9289093,1013641673.3773589
2025-11-28,-633435150.1105826,754747937.2931824,12723211.005560415,-34015245.83155604,23847525.00000003,0.0,0.0,123868277.35660419,-1125131012.4344969,1248999289.791101
2025-12-05,16703452.312117212,748776658.9700726,12000609.653145075,-34818805.5587087,-24491549.999999996,0.0,0.0,718170365.3766263,26108717.95237255,692061647.4242537
2025-12-12,-662761702.4823539,825210113.6006334,11788888.999799117,-35016822.19866402,24742650.000000026,0.0,0.0,163963127.9194146,-1178850741.3633947,1342813869.2828093
2025-12-19,-673802313.3939704,999420864.5743651,13199459.291917112,-36150161.48860652,28118550.0,0.0,0.0,330786398.98370534,-1199323785.8553095,1530110184.8390148
2025-12-26,-603441509.5539379,1043389942.8974048,13345681.892069161,-37798290.49076185,28427775.000000022,0.0,0.0,443923599.7447742,-1071244529.7610512,1515168129.5058255
2026-01-02,-615269703.2834586,1014575877.1362553,13218530.439005034,-34318039.28874106,27312705.000000022,0.0,0.0,405519370.00306064,-1092127425.689969,1497646795.6930296
2026-01-09,-425581689.3094755,1306097449.2085583,15027000.625555094,-34526279.241304114,15754200.000000015,0.0,0.0,876770681.2833338,-749354430.5561352,1626125111.839469
2026-01-16,-472467799.0166021,1156143588.782132,14198409.728935193,-35706490.09463643,19015245.00000001,0.0,0.0,681182954.3998287,-833833575.4028873,1515016529.802716
2026-01-23,-515550444.07582855,1155095015.0589044,13843345.499131985,-40424085.299724504,17463540.000000015,0.0,0.0,630427371.1824834,-911672416.8479424,1542099788.0304258
2026-01-30,-538165106.6158869,1086127067.205935,12916086.960158002,-36915066.39643842,22085175.000000026,0.0,0.0,546048156.1537677,-952576557.0519133,1498624713.2056808
2026-02-06,-296791857.207176,1097266753.5840857,12637066.542788997,-40084413.26869564,36794055.00000003,0.0,0.0,809821604.6510031,-518041550.9829588,1327863155.633962
2026-02-13,-472467295.38922143,1013264573.0304512,12003093.449199045,-39374896.49779662,28704450.000000022,0.0,0.0,542129924.5926323,-831778527.8704023,1373908452.4630346
2026-02-20,-448527973.947368,1162251533.2901375,12140690.318742424,-38809287.603765525,24961200.00000002,0.0,0.0,712016162.0577464,-790103200.236064,1502119362.2938104
2026-02-27,-425505093.8567243,1339683110.8037193,11246448.567181358,-42280840.675599046,24661275.00000004,0.0,0.0,907804899.8385773,-747475483.7371254,1655280383.5757027
2026-03-06,-348450906.50749576,1205591243.7517397,11067802.97175758,-40651948.25838173,42405675.00000002,0.0,0.0,869961866.9576198,-610768494.4262123,1480730361.383832
2026-03-13,-271728429.4483185,1194661703.1914172,10708750.016115217,-38406014.774929345,28058100.00000003,0.0,0.0,923294108.9842846,-479097610.31087494,1402391719.2951596
2026-03-20,-331413749.4022959,978727092.1003822,8900563.323126206,-32235468.994871955,28495200.00000003,0.0,0.0,652473637.0263405,-583582441.5504589,1236056078.5767994
2026-03-27,-376901840.13427836,1080059562.3526921,8698792.710336262,-30577119.089072067,34525320.0,0.0,0.0,715804715.8396779,-663773385.109601,1379578100.9492788
2026-04-03,-308701381.428171,1861946043.7690792,13861556.474423021,-35510502.017602965,15029265.000000015,0.0,0.0,1546624981.7977283,-545289522.1573505,2091914503.9550788
2026-04-10,-292535631.50903904,1886815765.2942796,17383689.03448777,-32053637.42732514,14248530.00000002,0.0,0.0,1593858715.3924031,-513453541.74102783,2107312257.133431
2026-04-17,-446208146.5290241,2229272440.478605,16087043.59919247,-31701002.861620363,36274650.0,0.0,0.0,1803724984.6871526,-786722449.4919529,2590447434.1791058
2026-04-24,-472861934.6517268,1949293329.522243,13546261.40170167,-30495201.737735044,39399450.00000003,0.0,0.0,1498881904.534483,-836493468.3693819,2335375372.903865
2026-05-01,-654388169.5833697,1891300950.790208,13156803.560901418,-30247423.082837015,28669575.00000005,0.0,0.0,1248491736.6849027,-1161820948.6196098,2410312685.3045125
2026-05-08,-297096313.5686125,2020623749.719566,13025879.840586126,-28571328.029044323,18353549.999999993,0.0,0.0,1726335537.9624953,-519967775.5129156,2246303313.475411
2026-05-15,-500901750.46064013,1643160222.4680326,10899629.330795823,-30275834.97280363,47863380.000000015,0.0,0.0,1170745646.3653846,-885132547.7612858,2055878194.1266704
2026-05-22,-384635997.99771446,1908577517.5544767,11891262.018279918,-25685290.359391853,43941570.00000002,0.0,0.0,1554089061.2156503,-676659308.6256094,2230748369.84126
2026-05-29,-379011998.14803916,1959490906.531324,11635580.661508482,-27450560.39238641,42723734.99999999,0.0,0.0,1607387663.652407,-666899253.0596151,2274286916.712022
2026-06-05,-357890672.73497033,1578835103.3534286,10616092.1102933,-23676026.35528028,50868210.00000005,0.0,0.0,1258752706.3734713,-627206678.5381279,1885959384.9115992
2026-06-12,-447755791.44944525,1741407062.3366487,11138206.110040262,-19000080.872275442,39397590.00000002,0.0,0.0,1325186986.1249683,-787034952.6084757,2112221938.733444
2026-06-19,-383321941.06657976,1840387102.161174,11066637.905461872,-20686796.38193207,35271645.00000002,0.0,0.0,1482716647.618124,-672873845.7582636,2155590493.3763876
2026-06-26,-247516516.53860593,1463394349.4514365,10292870.69290275,-20212890.55562263,29009025.00000003,0.0,0.0,1234966838.0501108,-430383311.0109606,1665350149.0610714
2026-07-03,-338942147.5950062,1420586687.7928896,10129511.125463855,-19945232.05449604,18719970.000000007,0.0,0.0,1090548789.2688513,-601677581.7651539,1692226371.0340052
2026-07-10,-272658243.90337646,1315427416.2082283,10272243.755305583,-18552543.676055916,14301075.0,0.0,0.0,1048789947.3841015,-477507229.3389263,1526297176.7230277
2026-07-17,-319119334.8493952,1098782964.2858317,9960786.032487137,-16839488.183401197,41484975.000000015,0.0,0.0,814269902.2855223,-558125480.6265688,1372395382.9120913
2026-07-24,-340141364.2586823,924954186.3306888,8451751.559479173,-18900429.29988355,35191199.999999985,0.0,0.0,609555344.331602,-595912962.7348213,1205468307.0664234
2026-07-31,-613204376.2537992,1157705441.5350008,8502187.934550717,-17487068.913060818,26935125.000000022,0.0,0.0,562451309.3026916,-1086945972.4412832,1649397281.7439747
2026-08-07,-326599182.29837024,1246230370.5945895,8924869.190026034,-20994629.27459419,24124200.000000022,0.0,0.0,931685628.2116511,-572573804.8930235,1504259433.1046746
2026-08-14,-313078117.6187784,1161237205.1635308,8620678.06143175,-24175335.3058936,31214055.000000022,0.0,0.0,863818485.3002906,-548120228.8727922,1411938714.1730828
2026-08-21,-371706120.425787,1044176327.9613951,8265013.48050315,-27452559.427518524,31410750.000000015,0.0,0.0,684693411.5885929,-653497229.8636074,1338190641.4522004
2026-08-28,-385952981.8521939,1013839221.307555,8175289.130165076,-23168516.882707696,24837975.000000026,0.0,0.0,637730986.7028185,-679843867.1296253,1317574853.8324437
