age,t_years_from_now,pension_year,alive_start_male,alive_start_female,alive_start_total,deaths_male,deaths_female,deaths_total,alive_end_male,alive_end_female,alive_end_total,mortality_rate_qx,survival_rate_px,qx_male,qx_female
65,15,0,44278.3812,46799.0901,91077.4713,888.157,575.8661,1464.023,43390.2242,46223.2241,89613.4483,0.0161,0.9839,0.0201,0.0123
66,16,1,43390.2242,46223.2241,89613.4483,972.1527,647.9816,1620.1343,42418.0715,45575.2424,87993.3139,0.0181,0.9819,0.0224,0.014
67,17,2,42418.0715,45575.2424,87993.3139,1056.7324,724.0853,1780.8177,41361.3391,44851.1571,86212.4962,0.0202,0.9798,0.0249,0.0159
68,18,3,41361.3391,44851.1571,86212.4962,1140.7262,803.5309,1944.257,40220.6129,44047.6263,84268.2392,0.0226,0.9774,0.0276,0.0179
69,19,4,40220.6129,44047.6263,84268.2392,1222.8792,885.5258,2108.405,38997.7336,43162.1005,82159.8341,0.025,0.975,0.0304,0.0201
70,20,5,38997.7336,43162.1005,82159.8341,1301.8818,969.1381,2271.0199,37695.8518,42192.9623,79888.8142,0.0276,0.9724,0.0334,0.0225
71,21,6,37695.8518,42192.9623,79888.8142,1376.4022,1053.3094,2429.7116,36319.4496,41139.653,77459.1026,0.0304,0.9696,0.0365,0.025
72,22,7,36319.4496,41139.653,77459.1026,1445.1235,1136.8732,2581.9967,34874.3261,40002.7798,74877.1059,0.0333,0.9667,0.0398,0.0276
73,23,8,34874.3261,40002.7798,74877.1059,1506.7819,1218.5796,2725.3615,33367.5443,38784.2001,72151.7444,0.0364,0.9636,0.0432,0.0305
74,24,9,33367.5443,38784.2001,72151.7444,1560.2048,1297.1244,2857.3292,31807.3395,37487.0757,69294.4152,0.0396,0.9604,0.0468,0.0334
75,25,10,31807.3395,37487.0757,69294.4152,1604.3483,1371.1821,2975.5304,30202.9912,36115.8936,66318.8848,0.0429,0.9571,0.0504,0.0366
76,26,11,30202.9912,36115.8936,66318.8848,1638.3304,1439.443,3077.7734,28564.6608,34676.4507,63241.1114,0.0464,0.9536,0.0542,0.0399
77,27,12,28564.6608,34676.4507,63241.1114,1661.461,1500.6506,3162.1117,26903.1997,33175.8001,60078.9998,0.05,0.95,0.0582,0.0433
78,28,13,26903.1997,33175.8001,60078.9998,1673.2647,1553.6405,3226.9052,25229.9351,31622.1595,56852.0946,0.0537,0.9463,0.0622,0.0468
79,29,14,25229.9351,31622.1595,56852.0946,1673.4969,1597.3765,3270.8734,23556.4381,30024.783,53581.2212,0.0575,0.9425,0.0663,0.0505
80,30,15,23556.4381,30024.783,53581.2212,1662.1531,1630.9846,3293.1377,21894.2851,28393.7984,50288.0835,0.0615,0.9385,0.0706,0.0543
81,31,16,21894.2851,28393.7984,50288.0835,1639.4679,1653.7819,3293.2498,20254.8171,26740.0165,46994.8337,0.0655,0.9345,0.0749,0.0582
82,32,17,20254.8171,26740.0165,46994.8337,1605.9079,1665.2998,3271.2077,18648.9092,25074.7167,43723.626,0.0696,0.9304,0.0793,0.0623
83,33,18,18648.9092,25074.7167,43723.626,1562.1552,1665.2998,3227.4549,17086.7541,23409.4169,40496.171,0.0738,0.9262,0.0838,0.0664
84,34,19,17086.7541,23409.4169,40496.171,1509.0843,1653.7819,3162.8662,15577.6698,21755.635,37333.3048,0.0781,0.9219,0.0883,0.0706
85,35,20,15577.6698,21755.635,37333.3048,1447.7336,1630.9846,3078.7182,14129.9362,20124.6504,34254.5866,0.0825,0.9175,0.0929,0.075
86,36,21,14129.9362,20124.6504,34254.5866,1379.271,1597.3765,2976.6475,12750.6652,18527.2739,31277.939,0.0869,0.9131,0.0976,0.0794
87,37,22,12750.6652,18527.2739,31277.939,1304.9576,1553.6405,2858.5981,11445.7076,16973.6334,28419.341,0.0914,0.9086,0.1023,0.0839
88,38,23,11445.7076,16973.6334,28419.341,1226.1087,1500.6506,2726.7593,10219.5989,15472.9828,25692.5817,0.0959,0.9041,0.1071,0.0884
89,39,24,10219.5989,15472.9828,25692.5817,1144.0562,1439.443,2583.4992,9075.5427,14033.5398,23109.0825,0.1006,0.8994,0.1119,0.093
90,40,25,9075.5427,14033.5398,23109.0825,1060.1115,1371.1821,2431.2936,8015.4312,12662.3577,20677.7889,0.1052,0.8948,0.1168,0.0977
91,41,26,8015.4312,12662.3577,20677.7889,975.5321,1297.1244,2272.6565,7039.899,11365.2333,18405.1324,0.1099,0.8901,0.1217,0.1024
92,42,27,7039.899,11365.2333,18405.1324,891.4919,1218.5796,2110.0715,6148.4071,10146.6537,16295.0608,0.1146,0.8854,0.1266,0.1072
93,43,28,6148.4071,10146.6537,16295.0608,809.0568,1136.8732,1945.93,5339.3503,9009.7805,14349.1308,0.1194,0.8806,0.1316,0.112
94,44,29,5339.3503,9009.7805,14349.1308,729.1661,1053.3094,1782.4755,4610.1842,7956.4711,12566.6553,0.1242,0.8758,0.1366,0.1169
95,45,30,4610.1842,7956.4711,12566.6553,652.619,969.1381,1621.7572,3957.5652,6987.333,10944.8981,0.1291,0.8709,0.1416,0.1218
96,46,31,3957.5652,6987.333,10944.8981,580.0679,885.5258,1465.5937,3377.4973,6101.8072,9479.3045,0.1339,0.8661,0.1466,0.1267
97,47,32,3377.4973,6101.8072,9479.3045,512.0162,803.5309,1315.547,2865.4811,5298.2763,8163.7574,0.1388,0.8612,0.1516,0.1317
98,48,33,2865.4811,5298.2763,8163.7574,448.8222,724.0853,1172.9075,2416.6589,4574.191,6990.8499,0.1437,0.8563,0.1566,0.1367
99,49,34,2416.6589,4574.191,6990.8499,390.7067,647.9816,1038.6883,2025.9522,3926.2094,5952.1616,0.1486,0.8514,0.1617,0.1417
100,50,35,2025.9522,3926.2094,5952.1616,337.7638,575.8661,913.6299,1688.1884,3350.3433,5038.5317,0.1535,0.8465,0.1667,0.1467
101,51,36,1688.1884,3350.3433,5038.5317,289.9755,508.2368,798.2122,1398.2129,2842.1065,4240.3194,0.1584,0.8416,0.1718,0.1517
102,52,37,1398.2129,2842.1065,4240.3194,247.2266,445.4474,692.674,1150.9863,2396.6591,3547.6454,0.1634,0.8366,0.1768,0.1567
103,53,38,1150.9863,2396.6591,3547.6454,209.322,387.7151,597.0371,941.6643,2008.944,2950.6083,0.1683,0.8317,0.1819,0.1618
104,54,39,941.6643,2008.944,2950.6083,176.0032,335.1311,511.1342,765.6611,1673.8129,2439.4741,0.1732,0.8268,0.1869,0.1668
105,55,40,765.6611,1673.8129,2439.4741,146.9643,287.6753,434.6396,618.6969,1386.1377,2004.8345,0.1782,0.8218,0.1919,0.1719
106,56,41,618.6969,1386.1377,2004.8345,121.8678,245.2314,367.0992,496.8291,1140.9062,1637.7353,0.1831,0.8169,0.197,0.1769
107,57,42,496.8291,1140.9062,1637.7353,100.358,207.6039,307.9619,396.4711,933.3023,1329.7734,0.188,0.812,0.202,0.182
108,58,43,396.4711,933.3023,1329.7734,82.0731,174.5343,256.6074,314.398,758.7679,1073.166,0.193,0.807,0.207,0.187
109,59,44,314.398,758.7679,1073.166,66.6554,145.7176,212.373,247.7426,613.0504,860.793,0.1979,0.8021,0.212,0.192
110,60,45,247.7426,613.0504,860.793,53.7596,120.8172,174.5768,193.9831,492.2332,686.2162,0.2028,0.7972,0.217,0.1971
111,61,46,193.9831,492.2332,686.2162,43.0588,99.479,142.5378,150.9243,392.7542,543.6784,0.2077,0.7923,0.222,0.2021
112,62,47,150.9243,392.7542,543.6784,34.2495,81.343,115.5924,116.6748,311.4112,428.086,0.2126,0.7874,0.2269,0.2071
113,63,48,116.6748,311.4112,428.086,27.054,66.0533,93.1073,89.6208,245.3579,334.9787,0.2175,0.7825,0.2319,0.2121
114,64,49,89.6208,245.3579,334.9787,21.2224,53.2665,74.489,68.3984,192.0914,260.4898,0.2224,0.7776,0.2368,0.2171
115,65,50,68.3984,192.0914,260.4898,16.5327,42.658,59.1907,51.8656,149.4334,201.2991,0.2272,0.7728,0.2417,0.2221
116,66,51,51.8656,149.4334,201.2991,12.7903,33.9259,46.7162,39.0754,115.5075,154.5829,0.2321,0.7679,0.2466,0.227
117,67,52,39.0754,115.5075,154.5829,9.8265,26.7947,36.6213,29.2488,88.7128,117.9616,0.2369,0.7631,0.2515,0.232
118,68,53,29.2488,88.7128,117.9616,7.4973,21.0161,28.5135,21.7515,67.6966,89.4481,0.2417,0.7583,0.2563,0.2369
119,69,54,21.7515,67.6966,89.4481,5.6807,16.3697,22.0504,16.0708,51.3269,67.3977,0.2465,0.7535,0.2612,0.2418
120,70,55,16.0708,51.3269,67.3977,16.0708,51.3269,67.3977,0.0,0.0,0.0,1.0,0.0,1.0,1.0
